time,cuminc,group
0.16427104722792607,2.8885389198762823e-05,Q1
0.1834360027378508,5.777220380176473e-05,Q1
0.1998631074606434,8.665866520152221e-05,Q1
0.2053388090349076,0.00011554539113745044,Q1
0.3750855578370979,0.00014443318924151072,Q1
0.5475701574264202,0.0001733213062740102,Q1
0.5776865160848734,0.00020220976815465974,Q1
0.8459958932238193,0.00023109814764377123,Q1
0.9062286105407256,0.00025998784251390905,Q1
0.9390828199863107,0.0002888770630312676,Q1
0.9418206707734429,0.00031776627868529417,Q1
0.9527720739219713,0.00034665585392035236,Q1
1.1334702258726899,0.00037554514468840505,Q1
1.2320328542094456,0.0004044351968602866,Q1
1.267624914442163,0.00043332477036461814,Q1
1.3388090349075976,0.00046221425008685646,Q1
1.3442847364818618,0.0004911028333636214,Q1
1.3552361396303902,0.0005199922045784344,Q1
1.5304585900068446,0.0005488815726683027,Q1
1.541409993155373,0.0005777708696266259,Q1
1.5605749486652978,0.0006066601064766974,Q1
1.6454483230663928,0.0006355506449268189,Q1
1.6865160848733745,0.0006644428705723238,Q1
1.7084188911704312,0.0006933348959133889,Q1
1.7248459958932238,0.0007222273858402684,Q1
1.8809034907597535,0.0007511209653984219,Q1
2.004106776180698,0.0007800145860955565,Q1
2.080766598220397,0.0008089085257217965,Q1
2.0917180013689256,0.0008378017718178032,Q1
2.1574264202600957,0.0008666951808041778,Q1
2.1656399726214923,0.0008955896094453575,Q1
2.193018480492813,0.000924484613471499,Q1
2.195756331279945,0.0009533793952913872,Q1
2.329911019849418,0.0009822751776330518,Q1
2.4175222450376452,0.0010111704606567962,Q1
2.5708418891170433,0.0010400659586863314,Q1
2.5763175906913074,0.0010689616629461218,Q1
2.5817932922655715,0.0010978575941950064,Q1
2.757015742642026,0.0011267544960723574,Q1
2.921286789869952,0.0011556538097207136,Q1
2.951403148528405,0.0011845541285427919,Q1
2.9952087611225187,0.0012134555129537095,Q1
3.1074606433949348,0.0012423571438233694,Q1
3.2032854209445585,0.0012712582244620574,Q1
3.271731690622861,0.0013290576969837709,Q1
3.3045859000684463,0.001357958297058759,Q1
3.3073237508555784,0.0013868587174455937,Q1
3.4414784394250515,0.0014157597675362732,Q1
3.5345653661875427,0.0014446631021662881,Q1
3.589322381930185,0.0014735667165377553,Q1
3.600273785078713,0.0015024703778658832,Q1
3.6358658453114305,0.0015313740189120129,Q1
3.668720054757016,0.001560277811641142,Q1
3.7097878165639973,0.0015891823076989997,Q1
3.7234770704996576,0.0016180863617091257,Q1
3.805612594113621,0.0016469907022950148,Q1
3.89596167008898,0.0016758961492361335,Q1
3.9534565366187544,0.0017048008995175223,Q1
4.027378507871321,0.0017337066066072104,Q1
4.068446269678303,0.0017626121969231967,Q1
4.084873374401095,0.0017915181190875096,Q1
4.136892539356605,0.0018204238619492497,Q1
4.216290212183436,0.001849329486201312,Q1
4.249144421629021,0.0018782357664636207,Q1
4.553045859000685,0.0019071415687762494,Q1
4.605065023956194,0.0019360487391060222,Q1
4.629705681040384,0.001964956842189669,Q1
4.80766598220397,0.0019938647121097164,Q1
4.82135523613963,0.002022772225455438,Q1
4.829568788501026,0.002051679793485195,Q1
4.851471594798084,0.0020805871710805057,Q1
4.908966461327857,0.0021094952215567897,Q1
4.91170431211499,0.002138402652444471,Q1
4.936344969199179,0.0021673106081174787,Q1
4.969199178644764,0.002196219537113908,Q1
5.1416837782340865,0.0022251294160708923,Q1
5.190965092402464,0.002254040602360785,Q1
5.215605749486653,0.0022829512463917734,Q1
5.30321697467488,0.00231186201427358,Q1
5.330595482546201,0.002340772771168065,Q1
5.341546885694729,0.002369685118815301,Q1
5.352498288843258,0.0023985995364698143,Q1
5.4072553045859,0.0024275153068786803,Q1
5.420944558521561,0.0024564313351556066,Q1
5.49760438056126,0.002485347171633845,Q1
5.544147843942505,0.002514262161382508,Q1
5.590691307323751,0.0025431763475373126,Q1
5.596167008898015,0.0025720907978461494,Q1
5.6290212183436,0.0026010088092504047,Q1
5.648186173853525,0.0026299272388154993,Q1
5.702943189596167,0.0026588467448274145,Q1
5.705681040383299,0.0026877661223306815,Q1
5.71937029431896,0.0027166860274197013,Q1
5.842573579739904,0.002745605749565838,Q1
5.886379192334018,0.002774525523145166,Q1
5.9110198494182065,0.002803444687803802,Q1
5.976728268309377,0.0028323647826973275,Q1
6.026009582477755,0.002861283874021181,Q1
6.031485284052019,0.002890203091336696,Q1
6.083504449007529,0.0029191250539630786,Q1
6.102669404517454,0.0029480466949692863,Q1
6.138261464750171,0.0029769679772356783,Q1
6.1711156741957565,0.0030058908732468748,Q1
6.182067077344285,0.0030348136698034045,Q1
6.198494182067077,0.0030637356403377947,Q1
6.201232032854209,0.0030926593339899444,Q1
6.217659137577002,0.003121583924208693,Q1
6.242299794661191,0.0031505084294422003,Q1
6.272416153319644,0.00317943295052292,Q1
6.349075975359343,0.0032083593050941106,Q1
6.360027378507871,0.0032372857409989075,Q1
6.406570841889117,0.003266213700920617,Q1
6.496919917864476,0.00332406880931424,Q1
6.499657768651608,0.003352996814846243,Q1
6.50239561943874,0.0033819249161074483,Q1
6.524298425735798,0.0034108526552112384,Q1
6.6036960985626285,0.003439780746577137,Q1
6.658453114305271,0.003468708817515598,Q1
6.677618069815195,0.003497636553210337,Q1
6.685831622176591,0.0035265646523616745,Q1
6.737850787132102,0.0035554926490870553,Q1
6.776180698151951,0.0035844200165203732,Q1
6.861054072553046,0.0036133527216355432,Q1
6.880219028062971,0.003642284948789709,Q1
6.921286789869952,0.003671219429308037,Q1
6.937713894592744,0.003700154963202751,Q1
6.945927446954141,0.0037290917371287646,Q1
6.992470910335387,0.003758029667633833,Q1
7.028062970568104,0.003786967220711479,Q1
7.0718685831622174,0.003815905233111261,Q1
7.0746064339493495,0.0038448425660293495,Q1
7.096509240246407,0.003873779925704479,Q1
7.1649555099247095,0.0039027176246860806,Q1
7.2032854209445585,0.003931654750303659,Q1
7.236139630390143,0.003960592365018667,Q1
7.260780287474333,0.003989529982900031,Q1
7.370294318959616,0.004018468054234892,Q1
7.474332648870637,0.004047406382003849,Q1
7.490759753593429,0.00407634556498726,Q1
7.515400410677618,0.0041052857693990585,Q1
7.523613963039014,0.004134226577827138,Q1
7.5482546201232035,0.004163166942875218,Q1
7.561943874058864,0.004192109228059682,Q1
7.578370978781656,0.0042210523711495584,Q1
7.619438740588638,0.0042499951458067065,Q1
7.67419575633128,0.004278938941501331,Q1
7.7180013689253935,0.004307882544748565,Q1
7.728952772073922,0.004336825298359548,Q1
7.748117727583847,0.004365767932827502,Q1
7.775496235455168,0.00439471162744276,Q1
7.7782340862423,0.004423655771890744,Q1
7.824777549623546,0.0044526003616564,Q1
7.83025325119781,0.004481545230811013,Q1
7.835728952772074,0.004510490694231373,Q1
7.882272416153319,0.004539436191536073,Q1
7.898699520876113,0.004568381203221228,Q1
7.9780971937029435,0.004597326111917988,Q1
7.9808350444900755,0.004626270697364876,Q1
8.02464065708419,0.004655218776524639,Q1
8.054757015742641,0.004684169807327887,Q1
8.123203285420944,0.004713121763043948,Q1
8.183436002737851,0.0047420737939490865,Q1
8.205338809034908,0.004771025973778986,Q1
8.265571526351813,0.004799978708554309,Q1
8.268309377138946,0.004828931097373368,Q1
8.306639288158795,0.0048578833271223365,Q1
8.336755646817249,0.004886837169283065,Q1
8.369609856262834,0.0049157908957668806,Q1
8.37782340862423,0.004944744746216756,Q1
8.383299110198495,0.004973698649101355,Q1
8.407939767282683,0.005031606327775329,Q1
8.435318275154003,0.0050605603761535445,Q1
8.457221081451062,0.005089515305092718,Q1
8.555783709787816,0.0051184712216001405,Q1
8.59958932238193,0.0051474274953574595,Q1
8.6652977412731,0.005176384942971346,Q1
8.673511293634498,0.005205342157048265,Q1
8.695414099931554,0.0052342987723909,Q1
8.706365503080082,0.0052632553223683765,Q1
8.739219712525667,0.005292212033559562,Q1
8.758384668035593,0.005321169655908786,Q1
8.766598220396988,0.005350126811092815,Q1
8.772073921971252,0.0053790838775410466,Q1
8.780287474332649,0.0054080408325213325,Q1
8.845995893223819,0.005436999844500856,Q1
8.854209445585216,0.00546595990519716,Q1
8.873374401095141,0.005494919564943301,Q1
8.960985626283367,0.005523879745022886,Q1
9.032169746748803,0.005552839543543797,Q1
9.037645448323067,0.0055818018688483795,Q1
9.067761806981519,0.0056107636979116915,Q1
9.070499657768652,0.005639726568501202,Q1
9.075975359342916,0.005668690918761099,Q1
9.111567419575634,0.005697654867867552,Q1
9.114305270362765,0.005726619163484714,Q1
9.163586584531142,0.005755583788070173,Q1
9.169062286105408,0.00578454877347423,Q1
9.229295003422314,0.0058135136165961,Q1
9.242984257357975,0.005842478106406701,Q1
9.25119780971937,0.00587144251259164,Q1
9.300479123887747,0.005900406568090211,Q1
9.363449691991786,0.005929370681319601,Q1
9.440109514031485,0.005958334836140722,Q1
9.467488021902806,0.005987298738862168,Q1
9.486652977412732,0.00601626370393904,Q1
9.544147843942506,0.0060452284064281825,Q1
9.54962354551677,0.006103157337630227,Q1
9.566050650239562,0.006132123338207229,Q1
9.59069130732375,0.006161091060444712,Q1
9.607118412046544,0.00619005805840378,Q1
9.609856262833675,0.006219025404681999,Q1
9.639972621492129,0.006247993370768312,Q1
9.705681040383299,0.006276961179171425,Q1
9.716632443531827,0.006305929195174809,Q1
9.724845995893224,0.006334897307325504,Q1
9.730321697467488,0.00636386520263299,Q1
9.738535249828884,0.00639283397054613,Q1
9.754962354551678,0.0064218031888976235,Q1
9.817932922655714,0.0064507720866073814,Q1
9.831622176591376,0.006479740368982467,Q1
9.883641341546886,0.006508709431044868,Q1
9.900068446269678,0.006537678074153397,Q1
9.924709103353868,0.006566646940134979,Q1
9.935660506502396,0.006595616759050071,Q1
10.023271731690622,0.0066245857617170945,Q1
10.026009582477755,0.006653554533391004,Q1
10.056125941136209,0.006682523005274277,Q1
10.069815195071868,0.006711492036120537,Q1
10.080766598220396,0.0067404606013374835,Q1
10.08624229979466,0.0067694283815845635,Q1
10.094455852156058,0.006798397024835756,Q1
10.116358658453114,0.006827366781681832,Q1
10.127310061601642,0.006856336186808143,Q1
10.132785763175907,0.0069142732302497345,Q1
10.179329226557153,0.006943247204410308,Q1
10.223134839151266,0.0069722243012907414,Q1
10.258726899383984,0.0070012017485615585,Q1
10.28062970568104,0.007030179112209156,Q1
10.283367556468173,0.007059158280095179,Q1
10.329911019849419,0.007088138852501147,Q1
10.343600273785079,0.00711711983034069,Q1
10.376454483230663,0.007146100546130074,Q1
10.395619438740589,0.007175082325645454,Q1
10.401095140314853,0.007204063148872342,Q1
10.414784394250514,0.007233045650690939,Q1
10.420260095824778,0.007262028215415106,Q1
10.425735797399042,0.007291011936719771,Q1
10.428473648186174,0.007319998191175681,Q1
10.472279260780287,0.007348983923246344,Q1
10.510609171800137,0.007377971246678605,Q1
10.535249828884325,0.007406959973265348,Q1
10.546201232032855,0.007435948509569745,Q1
10.603696098562628,0.007464936889243545,Q1
10.620123203285422,0.007493924707977606,Q1
10.655715263518138,0.00752291326170218,Q1
10.680355920602327,0.0075519029337552945,Q1
10.715947980835045,0.007580892496120373,Q1
10.718685831622176,0.007609882248092115,Q1
10.803559206023271,0.007638871878063336,Q1
10.806297056810404,0.007667861962896705,Q1
10.809034907597535,0.007696853175053087,Q1
10.836413415468858,0.00772584410936894,Q1
10.847364818617386,0.007754835036759444,Q1
10.877481177275838,0.007783825413683498,Q1
10.896646132785763,0.007812815028423015,Q1
10.910335386721425,0.007841805154318315,Q1
10.934976043805612,0.00787079608628971,Q1
10.948665297741274,0.007899787246926082,Q1
10.965092402464066,0.007928779367159078,Q1
10.976043805612594,0.007957771430636695,Q1
10.989733059548255,0.007986763512867201,Q1
11.052703627652292,0.00804474743930872,Q1
11.1129363449692,0.008073740569630394,Q1
11.11567419575633,0.008102733885391511,Q1
11.148528405201917,0.00813172763918879,Q1
11.181382614647502,0.008160721251774028,Q1
11.211498973305956,0.008189716019873172,Q1
11.285420944558522,0.008218710341977409,Q1
11.3347022587269,0.00824770445793599,Q1
11.345653661875428,0.008305691383141744,Q1
11.351129363449692,0.008334685407601294,Q1
11.40041067761807,0.008363678929172447,Q1
11.408624229979466,0.00839267268514321,Q1
11.433264887063656,0.008421667623737417,Q1
11.471594798083505,0.008450662908187523,Q1
11.474332648870636,0.00847965983613208,Q1
11.482546201232033,0.00850865858144334,Q1
11.493497604380561,0.008537656797100612,Q1
11.496235455167694,0.008566655647593957,Q1
11.512662559890487,0.008595654803237762,Q1
11.526351813826146,0.008624653447040664,Q1
11.53182751540041,0.008653652295840142,Q1
11.572895277207392,0.008682650882634424,Q1
11.575633127994525,0.008711648920843973,Q1
11.589322381930184,0.008740646780291517,Q1
11.594798083504449,0.008769644549186717,Q1
11.66050650239562,0.008798642344272523,Q1
11.67419575633128,0.008827640396756542,Q1
11.68788501026694,0.008856639200642058,Q1
11.690622861054072,0.00888563801765252,Q1
11.698836413415469,0.008914637349545673,Q1
11.704312114989733,0.008943636603871319,Q1
11.709787816563997,0.008972637330795452,Q1
11.748117727583846,0.00903063920983449,Q1
11.772758384668036,0.009059641975268984,Q1
11.797399041752225,0.00908864525143016,Q1
11.854893908282,0.009117648215955398,Q1
11.860369609856264,0.009146650623451325,Q1
11.88227241615332,0.009175653093255187,Q1
11.885010266940451,0.009204655986608912,Q1
11.9233401779603,0.009233658771704567,Q1
11.94798083504449,0.009262661444765175,Q1
11.950718685831623,0.009291666110751606,Q1
11.997262149212867,0.009320671322423868,Q1
0.16427104722792607,2.6667905189126095e-05,Q2
0.1834360027378508,5.333720938749398e-05,Q2
0.1998631074606434,8.000627052995313e-05,Q2
0.2053388090349076,0.00010667565893718312,Q2
0.3750855578370979,0.00013334612025484027,Q2
0.5475701574264202,0.00016001695906697755,Q2
0.5776865160848734,0.000186688199308227,Q2
0.8459958932238193,0.00021335944653266825,Q2
0.9062286105407256,0.00024003199124289498,Q2
0.9390828199863107,0.00026670418106422566,Q2
0.9418206707734429,0.0002933764494551516,Q2
0.9527720739219713,0.000320049132896405,Q2
1.1334702258726899,0.00034672163676341405,Q2
1.2320328542094456,0.0003733949266770953,Q2
1.267624914442163,0.0004000678577201766,Q2
1.3388090349075976,0.00042674078524573833,Q2
1.3442847364818618,0.00045341296817225096,Q2
1.3552361396303902,0.0004800859616548303,Q2
1.5304585900068446,0.0005067590353241558,Q2
1.541409993155373,0.0005334321263928965,Q2
1.5605749486652978,0.000560105245039022,Q2
1.6454483230663928,0.0005867796485199417,Q2
1.6865160848733745,0.0006134556928674151,Q2
1.7084188911704312,0.0006401316353700226,Q2
1.7248459958932238,0.000666808089922144,Q2
1.8809034907597535,0.0006934856336368034,Q2
2.004106776180698,0.0007201632984439321,Q2
2.080766598220397,0.0007468413408315833,Q2
2.0917180013689256,0.000773518825986752,Q2
2.1574264202600957,0.000800196544652132,Q2
2.1656399726214923,0.0008268752878974883,Q2
2.193018480492813,0.0008535546455291643,Q2
2.195756331279945,0.0008802338811172428,Q2
2.329911019849418,0.0009069141236405232,Q2
2.4175222450376452,0.0009335939882607613,Q2
2.5708418891170433,0.0009602741345343668,Q2
2.5763175906913074,0.0009869545543617075,Q2
2.5817932922655715,0.0010136352669133375,Q2
2.757015742642026,0.0010403169588271144,Q2
2.921286789869952,0.001067000960784048,Q2
2.951403148528405,0.0010936859740277027,Q2
2.9952087611225187,0.0011203720543533358,Q2
3.1074606433949348,0.001147058445423399,Q2
3.2032854209445585,0.0011737444116136642,Q2
3.271731690622861,0.0012271141108320949,Q2
3.3045859000684463,0.0012537998828162644,Q2
3.3073237508555784,0.00128048557206073,Q2
3.4414784394250515,0.0013071719259351022,Q2
3.5345653661875427,0.0013338604724788539,Q2
3.589322381930185,0.001360549360528318,Q2
3.600273785078713,0.0013872383751392103,Q2
3.6358658453114305,0.0014139274542258606,Q2
3.668720054757016,0.0014406167565802486,Q2
3.7097878165639973,0.0014673067915875748,Q2
3.7234770704996576,0.0014939965016252943,Q2
3.805612594113621,0.0015206865594974417,Q2
3.89596167008898,0.0015473777221901575,Q2
3.9534565366187544,0.0015740683248105514,Q2
4.027378507871321,0.0016007598941708556,Q2
4.068446269678303,0.0016274514389288397,Q2
4.084873374401095,0.0016541433733469058,Q2
4.136892539356605,0.0016808352254268355,Q2
4.216290212183436,0.0017075270512124652,Q2
4.249144421629021,0.001734219566002393,Q2
4.553045859000685,0.0017609117226817794,Q2
4.605065023956194,0.0017876052258568587,Q2
4.629705681040384,0.0018142996736065786,Q2
4.80766598220397,0.0018409939892993776,Q2
4.82135523613963,0.0018676880589731937,Q2
4.829568788501026,0.0018943822623969098,Q2
4.851471594798084,0.001921076373219921,Q2
4.908966461327857,0.0019477711886635163,Q2
4.91170431211499,0.001974465515211854,Q2
4.936344969199179,0.0020011604096288327,Q2
4.969199178644764,0.0020278562861225646,Q2
5.1416837782340865,0.002054553123128744,Q2
5.190965092402464,0.002081251250673488,Q2
5.215605749486653,0.0021079489607506163,Q2
5.30321697467488,0.002134646868482415,Q2
5.330595482546201,0.002161344849353597,Q2
5.341546885694729,0.002188044382518517,Q2
5.352498288843258,0.002214745910568472,Q2
5.4072553045859,0.0022414487711606146,Q2
5.420944558521561,0.00226815195320762,Q2
5.49760438056126,0.002294855041456101,Q2
5.544147843942505,0.002321557431090193,Q2
5.590691307323751,0.002348259161938815,Q2
5.596167008898015,0.0023749612200473225,Q2
5.6290212183436,0.002401666650109102,Q2
5.648186173853525,0.0024283725496814235,Q2
5.702943189596167,0.0024550795266925496,Q2
5.705681040383299,0.0024817864683798208,Q2
5.71937029431896,0.0025084939806474527,Q2
5.842573579739904,0.002535201407325438,Q2
5.886379192334018,0.0025619089648613036,Q2
5.9110198494182065,0.002588616043414649,Q2
5.976728268309377,0.0026153240644098963,Q2
6.026009582477755,0.002642031241959164,Q2
6.031485284052019,0.0026687386192255635,Q2
6.083504449007529,0.0026954486152076518,Q2
6.102669404517454,0.002722158397546637,Q2
6.138261464750171,0.002748867931960497,Q2
6.1711156741957565,0.0027755790400951774,Q2
6.182067077344285,0.0028022901397709576,Q2
6.198494182067077,0.0028290005599778123,Q2
6.201232032854209,0.00285571265493767,Q2
6.217659137577002,0.0028824256613135812,Q2
6.242299794661191,0.0029091386726081137,Q2
6.272416153319644,0.002935851781945553,Q2
6.349075975359343,0.002962566668011646,Q2
6.360027378507871,0.0029892817126142557,Q2
6.406570841889117,0.003015998248153906,Q2
6.496919917864476,0.0030694308201102416,Q2
6.499657768651608,0.003096147648075087,Q2
6.50239561943874,0.0031228646478903554,Q2
6.524298425735798,0.0031495813966671005,Q2
6.6036960985626285,0.003176298554223078,Q2
6.658453114305271,0.003203015776354623,Q2
6.677618069815195,0.003229732772306537,Q2
6.685831622176591,0.0032564501873838525,Q2
6.737850787132102,0.0032831675913094216,Q2
6.776180698151951,0.0033098844974763786,Q2
6.861054072553046,0.003336606416919241,Q2
6.880219028062971,0.003363327978398778,Q2
6.921286789869952,0.0033900517045529766,Q2
6.937713894592744,0.0034167764870957074,Q2
6.945927446954141,0.0034435024984313944,Q2
6.992470910335387,0.003470229661496904,Q2
7.028062970568104,0.003496956559482678,Q2
7.0718685831622174,0.0035236839652178498,Q2
7.0746064339493495,0.0035504108268938905,Q2
7.096509240246407,0.0035771377967992457,Q2
7.1649555099247095,0.003603865163612885,Q2
7.2032854209445585,0.0036305920843761053,Q2
7.236139630390143,0.0036573195404013825,Q2
7.260780287474333,0.003684047082875397,Q2
7.370294318959616,0.0037107751276982404,Q2
7.474332648870637,0.0037375034929014728,Q2
7.490759753593429,0.003764232731544248,Q2
7.515400410677618,0.003790962997157199,Q2
7.523613963039014,0.0038176939042111613,Q2
7.5482546201232035,0.003844424485290543,Q2
7.561943874058864,0.00387115692344997,Q2
7.578370978781656,0.0038978902375768065,Q2
7.619438740588638,0.003924623294968788,Q2
7.67419575633128,0.003951357379016418,Q2
7.7180013689253935,0.003978091368884384,Q2
7.728952772073922,0.004004824657551698,Q2
7.748117727583847,0.004031557919742856,Q2
7.775496235455168,0.004058292244731976,Q2
7.7782340862423,0.004085027068799318,Q2
7.824777549623546,0.004111762387779994,Q2
7.83025325119781,0.00413849804841504,Q2
7.835728952772074,0.00416523434155347,Q2
7.882272416153319,0.004191970749587437,Q2
7.898699520876113,0.004218706792660343,Q2
7.9780971937029435,0.004245442824201695,Q2
7.9808350444900755,0.0042721786407579065,Q2
8.02464065708419,0.0042989177680342605,Q2
8.054757015742641,0.004325659705354257,Q2
8.123203285420944,0.004352402580653836,Q2
8.183436002737851,0.0043791456090509495,Q2
8.205338809034908,0.004405888858657447,Q2
8.265571526351813,0.0044326327045211,Q2
8.268309377138946,0.0044593763144747944,Q2
8.306639288158795,0.0044861198611461095,Q2
8.336755646817249,0.0045128649808838794,Q2
8.369609856262834,0.004539610077433087,Q2
8.37782340862423,0.004566355372158215,Q2
8.383299110198495,0.004593100798986116,Q2
8.407939767282683,0.004646591786250043,Q2
8.435318275154003,0.004673337598487648,Q2
8.457221081451062,0.0047000843078073284,Q2
8.555783709787816,0.004726832013064564,Q2
8.59958932238193,0.004753580132017321,Q2
8.6652977412731,0.004780329419007523,Q2
8.673511293634498,0.004807078573968004,Q2
8.695414099931554,0.004833827259547174,Q2
8.706365503080082,0.004860575968443581,Q2
8.739219712525667,0.004887324909961688,Q2
8.758384668035593,0.004914074776873223,Q2
8.766598220396988,0.004940824295943225,Q2
8.772073921971252,0.004967573816749726,Q2
8.780287474332649,0.004994323318293636,Q2
8.845995893223819,0.005021074803745251,Q2
8.854209445585216,0.005047827341697619,Q2
8.873374401095141,0.00507457959299118,Q2
8.960985626283367,0.00510133240868782,Q2
9.032169746748803,0.005128084955640877,Q2
9.037645448323067,0.005154839920535004,Q2
9.067761806981519,0.005181594510756393,Q2
9.070499657768652,0.005208350146878815,Q2
9.075975359342916,0.005235107233668934,Q2
9.111567419575634,0.005261864033639818,Q2
9.114305270362765,0.00528862123748175,Q2
9.163586584531142,0.005315378828993356,Q2
9.169062286105408,0.005342136837602984,Q2
9.229295003422314,0.0053688947985459645,Q2
9.242984257357975,0.005395652516870575,Q2
9.25119780971937,0.005422410241715969,Q2
9.300479123887747,0.005449167726366166,Q2
9.363449691991786,0.005475925348124688,Q2
9.440109514031485,0.005502683092083349,Q2
9.467488021902806,0.005529440686924847,Q2
9.486652977412732,0.005556199346980817,Q2
9.544147843942506,0.005582957848235814,Q2
9.54962354551677,0.005636474664414415,Q2
9.566050650239562,0.005663234616259172,Q2
9.59069130732375,0.005689996242448481,Q2
9.607118412046544,0.0057167572833255464,Q2
9.609856262833675,0.0057435187298039425,Q2
9.639972621492129,0.0057702808327045885,Q2
9.705681040383299,0.005797042873744385,Q2
9.716632443531827,0.005823805190393605,Q2
9.724845995893224,0.005850567679688834,Q2
9.730321697467488,0.005877330052470819,Q2
9.738535249828884,0.005904093315246217,Q2
9.754962354551678,0.005930857077995899,Q2
9.817932922655714,0.005957620628344817,Q2
9.831622176591376,0.0059843836940318695,Q2
9.883641341546886,0.006011147563885322,Q2
9.900068446269678,0.006037911130510443,Q2
9.924709103353868,0.006064674986878571,Q2
9.935660506502396,0.0060914398074871645,Q2
10.023271731690622,0.0061182039578163705,Q2
10.026009582477755,0.0061449679785728906,Q2
10.056125941136209,0.006171731806194902,Q2
10.069815195071868,0.006198496234083639,Q2
10.080766598220396,0.00622526031562165,Q2
10.08624229979466,0.006252023755765945,Q2
10.094455852156058,0.006278788077088038,Q2
10.116358658453114,0.00630555351112061,Q2
10.127310061601642,0.006332318704049711,Q2
10.132785763175907,0.0063858477090829036,Q2
10.179329226557153,0.006412617375009977,Q2
10.223134839151266,0.006439390009983503,Q2
10.258726899383984,0.006466163052597951,Q2
10.28062970568104,0.0064929361018596365,Q2
10.283367556468173,0.006519710902028297,Q2
10.329911019849419,0.006546487083806896,Q2
10.343600273785079,0.006573263724113598,Q2
10.376454483230663,0.0066000402062360575,Q2
10.395619438740589,0.006626817755118974,Q2
10.401095140314853,0.00665359450438352,Q2
10.414784394250514,0.006680372888524189,Q2
10.420260095824778,0.006707151414736878,Q2
10.425735797399042,0.006733931093532819,Q2
10.428473648186174,0.006760713196819479,Q2
10.472279260780287,0.006787494901417945,Q2
10.510609171800137,0.0068142781603549585,Q2
10.535249828884325,0.0068410627997487206,Q2
10.546201232032855,0.0068678473473218205,Q2
10.603696098562628,0.006894631834168052,Q2
10.620123203285422,0.006921415886714355,Q2
10.655715263518138,0.006948200702372009,Q2
10.680355920602327,0.0069749866353466805,Q2
10.715947980835045,0.007001772550979224,Q2
10.718685831622176,0.00702855872581476,Q2
10.803559206023271,0.007055344871934266,Q2
10.806297056810404,0.007082131522356372,Q2
10.809034907597535,0.007108919298439154,Q2
10.836413415468858,0.007135706901821082,Q2
10.847364818617386,0.007162494582828471,Q2
10.877481177275838,0.007189281839226513,Q2
10.896646132785763,0.007216068475383031,Q2
10.910335386721425,0.007242855667875192,Q2
10.934976043805612,0.0072696436892188965,Q2
10.948665297741274,0.007296432005885478,Q2
10.965092402464066,0.007323221293273341,Q2
10.976043805612594,0.007350010612259816,Q2
10.989733059548255,0.007376800032617314,Q2
11.052703627652292,0.007430378905528001,Q2
11.1129363449692,0.007457169546495335,Q2
11.11567419575633,0.007483960442870363,Q2
11.148528405201917,0.0075107518280665975,Q2
11.181382614647502,0.007537543166837968,Q2
11.211498973305956,0.007564335657420984,Q2
11.285420944558522,0.007591127819952415,Q2
11.3347022587269,0.007617919876063639,Q2
11.345653661875428,0.007671503033017224,Q2
11.351129363449692,0.00769829525678678,Q2
11.40041067761807,0.007725087099928252,Q2
11.408624229979466,0.007751879243742543,Q2
11.433264887063656,0.007778672564459299,Q2
11.471594798083505,0.007805466288855145,Q2
11.474332648870636,0.007832261616051439,Q2
11.482546201232033,0.00785905870673631,Q2
11.493497604380561,0.007885855392086749,Q2
11.496235455167694,0.007912652748188087,Q2
11.512662559890487,0.007939450470388132,Q2
11.526351813826146,0.007966247803717685,Q2
11.53182751540041,0.00799304541059842,Q2
11.572895277207392,0.008019842859478432,Q2
11.575633127994525,0.00804663988552956,Q2
11.589322381930184,0.008073436830502545,Q2
11.594798083504449,0.008100233775911958,Q2
11.66050650239562,0.008127030829641835,Q2
11.67419575633128,0.008153828205355262,Q2
11.68788501026694,0.008180626359571397,Q2
11.690622861054072,0.0082074246100442,Q2
11.698836413415469,0.008234223420460096,Q2
11.704312114989733,0.008261022243327809,Q2
11.709787816563997,0.008287822511196197,Q2
11.748117727583846,0.008341423692302063,Q2
11.772758384668036,0.00836822609646859,Q2
11.797399041752225,0.008395029056777914,Q2
11.854893908282,0.00842183181325784,Q2
11.860369609856264,0.008448634139128663,Q2
11.88227241615332,0.008475436606744768,Q2
11.885010266940451,0.00850223954994933,Q2
11.9233401779603,0.008529042477277149,Q2
11.94798083504449,0.00855584538523746,Q2
11.950718685831623,0.008582650219145949,Q2
11.997262149212867,0.008609455641540031,Q2
0.16427104722792607,2.8503189989925737e-05,Q3
0.1834360027378508,5.700780181971954e-05,Q3
0.1998631074606434,8.551208041585046e-05,Q3
0.2053388090349076,0.00011401663534460482,Q3
0.3750855578370979,0.00014252226355404574,Q3
0.5475701574264202,0.00017102822177139654,Q3
0.5776865160848734,0.00019953453557386425,Q3
0.8459958932238193,0.00022804078337423928,Q3
0.9062286105407256,0.00025654834445609787,Q3
0.9390828199863107,0.0002850554527604743,Q3
0.9418206707734429,0.00031356257156622824,Q3
0.9527720739219713,0.0003420700604983562,Q3
1.1334702258726899,0.00037057728402745127,Q3
1.2320328542094456,0.00039908527419252326,Q3
1.267624914442163,0.00042759280732218574,Q3
1.3388090349075976,0.00045610026321241115,Q3
1.3442847364818618,0.0004846068498125522,Q3
1.3552361396303902,0.0005131142292343904,Q3
1.5304585900068446,0.0005416216208748992,Q3
1.541409993155373,0.0005701289576272028,Q3
1.5605749486652978,0.0005986362503691556,Q3
1.6454483230663928,0.0006271448428066817,Q3
1.6865160848733745,0.0006556551154398571,Q3
1.7084188911704312,0.0006841652057235637,Q3
1.7248459958932238,0.0007126757697583086,Q3
1.8809034907597535,0.0007411874243291594,Q3
2.004106776180698,0.0007696991348037363,Q3
2.080766598220397,0.0007982111753014332,Q3
2.0917180013689256,0.0008267225467443184,Q3
2.1574264202600957,0.0008552340942341585,Q3
2.1656399726214923,0.0008837466632130031,Q3
2.193018480492813,0.0009122598152838668,Q3
2.195756331279945,0.0009407727633963248,Q3
2.329911019849418,0.0009692867141212202,Q3
2.4175222450376452,0.000997800187439002,Q3
2.5708418891170433,0.0010263138882340428,Q3
2.5763175906913074,0.0010548278078476025,Q3
2.5817932922655715,0.0010833419667648503,Q3
2.757015742642026,0.0011118570988012388,Q3
2.921286789869952,0.0011403746260623127,Q3
2.951403148528405,0.0011688931605368102,Q3
2.9952087611225187,0.001197412761843375,Q3
3.1074606433949348,0.0012259326216733646,Q3
3.2032854209445585,0.001254451953861313,Q3
3.271731690622861,0.001311488010955042,Q3
3.3045859000684463,0.0013400069148874483,Q3
3.3073237508555784,0.0013685256568246595,Q3
3.4414784394250515,0.0013970450354710007,Q3
3.5345653661875427,0.001425566683810331,Q3
3.589322381930185,0.0014540886235212547,Q3
3.600273785078713,0.0014826106248936322,Q3
3.6358658453114305,0.0015111326215768717,Q3
3.668720054757016,0.001539654783265565,Q3
3.7097878165639973,0.0015681776543230441,Q3
3.7234770704996576,0.0015967001044951967,Q3
3.805612594113621,0.0016252228527859902,Q3
3.89596167008898,0.0016537467081539914,Q3
3.9534565366187544,0.0016822698913866452,Q3
4.027378507871321,0.0017107940341256622,Q3
4.068446269678303,0.0017393180769610384,Q3
4.084873374401095,0.0017678424625934275,Q3
4.136892539356605,0.0017963666866199768,Q3
4.216290212183436,0.0018248908089315563,Q3
4.249144421629021,0.0018534155939253782,Q3
4.553045859000685,0.001881939922607545,Q3
4.605065023956194,0.001910465616584811,Q3
4.629705681040384,0.0019389922463388665,Q3
4.80766598220397,0.0019675186613394846,Q3
4.82135523613963,0.0019960447398039705,Q3
4.829568788501026,0.0020245708875638035,Q3
4.851471594798084,0.0020530968627349155,Q3
4.908966461327857,0.0020816235172429476,Q3
4.91170431211499,0.0021101495756706834,Q3
4.936344969199179,0.002138676167294462,Q3
4.969199178644764,0.002167203734736556,Q3
5.1416837782340865,0.0021957322549440716,Q3
5.190965092402464,0.002224262080577022,Q3
5.215605749486653,0.002252791386442299,Q3
5.30321697467488,0.0022813208298630983,Q3
5.330595482546201,0.002309850277779968,Q3
5.341546885694729,0.002338381310808879,Q3
5.352498288843258,0.002366914401886966,Q3
5.4072553045859,0.0023954488432235133,Q3
5.420944558521561,0.002423983554372122,Q3
5.49760438056126,0.0024525180915964118,Q3
5.544147843942505,0.0024810518086014755,Q3
5.590691307323751,0.002509584747952376,Q3
5.596167008898015,0.002538117963318598,Q3
5.6290212183436,0.0025666547081750757,Q3
5.648186173853525,0.0025951918810278585,Q3
5.702943189596167,0.0026237301314856465,Q3
5.705681040383299,0.0026522682704793743,Q3
5.71937029431896,0.0026808069454545835,Q3
5.842573579739904,0.002709345455249923,Q3
5.886379192334018,0.002737884031151494,Q3
5.9110198494182065,0.0027664220215103397,Q3
5.976728268309377,0.0027949609451946023,Q3
6.026009582477755,0.002823498893887888,Q3
6.031485284052019,0.0028520369822639946,Q3
6.083504449007529,0.002880577795124406,Q3
6.102669404517454,0.0029091183059576364,Q3
6.138261464750171,0.0029376584781337645,Q3
6.1711156741957565,0.002966200258145202,Q3
6.182067077344285,0.0029947419553690846,Q3
6.198494182067077,0.003023282852810949,Q3
6.201232032854209,0.0030518254660242272,Q3
6.217659137577002,0.0030803689793508227,Q3
6.242299794661191,0.0031089124241707733,Q3
6.272416153319644,0.003137455899988595,Q3
6.349075975359343,0.0031660012005043647,Q3
6.360027378507871,0.003194546596644088,Q3
6.406570841889117,0.003223093512088604,Q3
6.496919917864476,0.003280186588307199,Q3
6.499657768651608,0.00330873359485373,Q3
6.50239561943874,0.0033372807112329594,Q3
6.524298425735798,0.0033658274855891124,Q3
6.6036960985626285,0.0033943746229337934,Q3
6.658453114305271,0.0034229217554849756,Q3
6.677618069815195,0.0034514685725725025,Q3
6.685831622176591,0.003480015763696609,Q3
6.737850787132102,0.0035085628691096105,Q3
6.776180698151951,0.003537109368881741,Q3
6.861054072553046,0.003565661151427979,Q3
6.880219028062971,0.0035942124776773277,Q3
6.921286789869952,0.003622766042997716,Q3
6.937713894592744,0.0036513206632020623,Q3
6.945927446954141,0.003679876522489467,Q3
6.992470910335387,0.003708433538509248,Q3
7.028062970568104,0.003736990197447443,Q3
7.0718685831622174,0.003765547325040308,Q3
7.0746064339493495,0.003794103797473136,Q3
7.096509240246407,0.0038226603116894298,Q3
7.1649555099247095,0.0038512171761250213,Q3
7.2032854209445585,0.003879773490121141,Q3
7.236139630390143,0.0039083303021570925,Q3
7.260780287474333,0.003936887132697353,Q3
7.370294318959616,0.00396544442610447,Q3
7.474332648870637,0.003994001987951412,Q3
7.490759753593429,0.00402256040914184,Q3
7.515400410677618,0.004051119853704099,Q3
7.523613963039014,0.004079679909719691,Q3
7.5482546201232035,0.004108239543572312,Q3
7.561943874058864,0.00413680108768566,Q3
7.578370978781656,0.004165363493805474,Q3
7.619438740588638,0.004193925551726152,Q3
7.67419575633128,0.004222488632641519,Q3
7.7180013689253935,0.004251051539028827,Q3
7.728952772073922,0.0042796136223433034,Q3
7.748117727583847,0.004308175603468967,Q3
7.775496235455168,0.004336738646187999,Q3
7.7782340862423,0.004365302148212846,Q3
7.824777549623546,0.004393866105089628,Q3
7.83025325119781,0.004422430353071771,Q3
7.835728952772074,0.004450995202896824,Q3
7.882272416153319,0.004479560101552704,Q3
7.898699520876113,0.004508124536365954,Q3
7.9780971937029435,0.004536688884936746,Q3
7.9808350444900755,0.004565252929899399,Q3
8.02464065708419,0.004593820438037133,Q3
8.054757015742641,0.0046223908744120745,Q3
8.123203285420944,0.004650962238940681,Q3
8.183436002737851,0.00467953369307017,Q3
8.205338809034908,0.004708105309567778,Q3
8.265571526351813,0.004736677489117769,Q3
8.268309377138946,0.004765249342660427,Q3
8.306639288158795,0.0047938210546245585,Q3
8.336755646817249,0.004822394373212302,Q3
8.369609856262834,0.004850967593046596,Q3
8.37782340862423,0.004879540950621819,Q3
8.383299110198495,0.004908114375346995,Q3
8.407939767282683,0.004965261145585154,Q3
8.435318275154003,0.00499383476010562,Q3
8.457221081451062,0.005022409259023308,Q3
8.555783709787816,0.0050509847479408565,Q3
8.59958932238193,0.00507956060482273,Q3
8.6652977412731,0.005108137635548959,Q3
8.673511293634498,0.0051367144512148855,Q3
8.695414099931554,0.005165290691421132,Q3
8.706365503080082,0.005193866882530318,Q3
8.739219712525667,0.005222443248145137,Q3
8.758384668035593,0.005251020528360795,Q3
8.766598220396988,0.0052795973629570225,Q3
8.772073921971252,0.00530817412539375,Q3
8.780287474332649,0.005336750793237255,Q3
8.845995893223819,0.0053653295064785,Q3
8.854209445585216,0.005393909270078212,Q3
8.873374401095141,0.005422488653407331,Q3
8.960985626283367,0.00545106856565214,Q3
9.032169746748803,0.005479648116763491,Q3
9.037645448323067,0.005508230176898055,Q3
9.067761806981519,0.0055368117627245805,Q3
9.070499657768652,0.005565394391821132,Q3
9.075975359342916,0.005593978496582275,Q3
9.111567419575634,0.005622562220877314,Q3
9.114305270362765,0.005651146302554699,Q3
9.163586584531142,0.005679730724303056,Q3
9.169062286105408,0.005708315517555684,Q3
9.229295003422314,0.005736900185816407,Q3
9.242984257357975,0.005765484520824593,Q3
9.25119780971937,0.005794068788727569,Q3
9.300479123887747,0.005822652725968047,Q3
9.363449691991786,0.005851236735604393,Q3
9.440109514031485,0.0058798208017087905,Q3
9.467488021902806,0.005908404634444309,Q3
9.486652977412732,0.005936989531018511,Q3
9.544147843942506,0.005965574183874223,Q3
9.54962354551677,0.006022743068297309,Q3
9.566050650239562,0.006051329048482934,Q3
9.59069130732375,0.006079916743169211,Q3
9.607118412046544,0.0061085037385064656,Q3
9.609856262833675,0.006137091093020963,Q3
9.639972621492129,0.006165679074641495,Q3
9.705681040383299,0.006194266916076385,Q3
9.716632443531827,0.0062228549778172715,Q3
9.724845995893224,0.006251443149874025,Q3
9.730321697467488,0.006280031123361285,Q3
9.738535249828884,0.006308619973440233,Q3
9.754962354551678,0.006337209283480916,Q3
9.817932922655714,0.006365798292516711,Q3
9.831622176591376,0.006394386709717703,Q3
9.883641341546886,0.006422975911813622,Q3
9.900068446269678,0.006451564715881486,Q3
9.924709103353868,0.006480153755331841,Q3
9.935660506502396,0.0065087437506540224,Q3
10.023271731690622,0.006537332955863007,Q3
10.026009582477755,0.00656592194854011,Q3
10.056125941136209,0.006594510660789088,Q3
10.069815195071868,0.0066230999401072355,Q3
10.080766598220396,0.006651688775332731,Q3
10.08624229979466,0.006680276851310785,Q3
10.094455852156058,0.006708865794414098,Q3
10.116358658453114,0.0067374558519510686,Q3
10.127310061601642,0.00676604557781324,Q3
10.132785763175907,0.006823223332184991,Q3
10.179329226557153,0.006851817613511835,Q3
10.223134839151266,0.0068804149920798086,Q3
10.258726899383984,0.006909012731890818,Q3
10.28062970568104,0.0069376104046193765,Q3
10.283367556468173,0.006966209873391138,Q3
10.329911019849419,0.00699481074372843,Q3
10.343600273785079,0.007023412029636633,Q3
10.376454483230663,0.007052013072376906,Q3
10.395619438740589,0.007080615180357741,Q3
10.401095140314853,0.007109216360027704,Q3
10.414784394250514,0.007137819211751162,Q3
10.420260095824778,0.007166422141007933,Q3
10.425735797399042,0.0071950262271489596,Q3
10.428473648186174,0.007223632828716964,Q3
10.472279260780287,0.007252238930197885,Q3
10.510609171800137,0.00728084661765549,Q3
10.535249828884325,0.007309455705350465,Q3
10.546201232032855,0.007338064620714291,Q3
10.603696098562628,0.007366673396958734,Q3
10.620123203285422,0.007395281635068529,Q3
10.655715263518138,0.0074238906140045025,Q3
10.680355920602327,0.007452500712087029,Q3
10.715947980835045,0.007481110717379891,Q3
10.718685831622176,0.0075097209252590336,Q3
10.803559206023271,0.0075383310281968985,Q3
10.806297056810404,0.007566941595504861,Q3
10.809034907597535,0.007595553290842605,Q3
10.836413415468858,0.00762416472744043,Q3
10.847364818617386,0.007652776172669129,Q3
10.877481177275838,0.007681387090100467,Q3
10.896646132785763,0.007709997270787916,Q3
10.910335386721425,0.007738607971404798,Q3
10.934976043805612,0.007767219483013288,Q3
10.948665297741274,0.007795831235759887,Q3
10.965092402464066,0.007824443951011784,Q3
10.976043805612594,0.007853056625718335,Q3
10.989733059548255,0.007881669334400487,Q3
11.052703627652292,0.007938894563262133,Q3
11.1129363449692,0.007967508352726416,Q3
11.11567419575633,0.007996122340673262,Q3
11.148528405201917,0.008024736776395924,Q3
11.181382614647502,0.00805335108822458,Q3
11.211498973305956,0.008081966555922526,Q3
11.285420944558522,0.00811058159893141,Q3
11.3347022587269,0.008139196453962994,Q3
11.345653661875428,0.008196424920821621,Q3
11.351129363449692,0.008225039731966977,Q3
11.40041067761807,0.008253654062273408,Q3
11.408624229979466,0.008282268639385859,Q3
11.433264887063656,0.008310884399129304,Q3
11.471594798083505,0.008339500515680665,Q3
11.474332648870636,0.008368118269710068,Q3
11.482546201232033,0.008396737832819912,Q3
11.493497604380561,0.008425356888679958,Q3
11.496235455167694,0.00845397658655489,Q3
11.512662559890487,0.00848259660106987,Q3
11.526351813826146,0.008511216125915322,Q3
11.53182751540041,0.008539835868557444,Q3
11.572895277207392,0.008568455368099248,Q3
11.575633127994525,0.008597074341707422,Q3
11.589322381930184,0.008625693154370229,Q3
11.594798083504449,0.008654311893143696,Q3
11.66050650239562,0.008682930673245326,Q3
11.67419575633128,0.008711549722861034,Q3
11.68788501026694,0.008740169529538822,Q3
11.690622861054072,0.008768789364651641,Q3
11.698836413415469,0.008797409723400595,Q3
11.704312114989733,0.008826030021078068,Q3
11.709787816563997,0.008854651787594259,Q3
11.748117727583846,0.008911895786715807,Q3
11.772758384668036,0.008940519611563169,Q3
11.797399041752225,0.00896914395595183,Q3
11.854893908282,0.00899776800826424,Q3
11.860369609856264,0.009026391526311905,Q3
11.88227241615332,0.009055015121341436,Q3
11.885010266940451,0.009083639149875866,Q3
11.9233401779603,0.009112263087055483,Q3
11.94798083504449,0.009140886929151937,Q3
11.950718685831623,0.009169512753633202,Q3
11.997262149212867,0.00919813913216383,Q3
0.16427104722792607,3.552232378511988e-05,Q4
0.1834360027378508,7.104606946284342e-05,Q4
0.1998631074606434,0.00010656904976069637,Q4
0.2053388090349076,0.00014209202434189994,Q4
0.3750855578370979,0.00017761598635535059,Q4
0.5475701574264202,0.00021314000950101164,Q4
0.5776865160848734,0.00024866412564150675,Q4
0.8459958932238193,0.00028418780939576394,Q4
0.9062286105407256,0.0003197127795656618,Q4
0.9390828199863107,0.0003552368353434421,Q4
0.9418206707734429,0.0003907605540515169,Q4
0.9527720739219713,0.00042628438382419365,Q4
1.1334702258726899,0.00046180753271163333,Q4
1.2320328542094456,0.0004973312867394553,Q4
1.267624914442163,0.0005328541210871673,Q4
1.3388090349075976,0.0005683765090227499,Q4
1.3442847364818618,0.0006038974636111138,Q4
1.3552361396303902,0.0006394190559465551,Q4
1.5304585900068446,0.0006749403133441412,Q4
1.541409993155373,0.0007104611521873139,Q4
1.5605749486652978,0.0007459815860317853,Q4
1.6454483230663928,0.0007815032891289597,Q4
1.6865160848733745,0.0008170267355269711,Q4
1.7084188911704312,0.0008525496044894387,Q4
1.7248459958932238,0.0008880727134966682,Q4
1.8809034907597535,0.0009235968310108422,Q4
2.004106776180698,0.0009591206679102626,Q4
2.080766598220397,0.0009946445657235126,Q4
2.0917180013689256,0.001030167279679639,Q4
2.1574264202600957,0.0010656898627116052,Q4
2.1656399726214923,0.0011012133681351788,Q4
2.193018480492813,0.001136737249726294,Q4
2.195756331279945,0.0011722605269109954,Q4
2.329911019849418,0.0012077847028973965,Q4
2.4175222450376452,0.0012433079337903497,Q4
2.5708418891170433,0.0012788310977677186,Q4
2.5763175906913074,0.0013143541840343609,Q4
2.5817932922655715,0.0013498772181017582,Q4
2.757015742642026,0.0013854011141383182,Q4
2.921286789869952,0.0014209276437278096,Q4
2.951403148528405,0.0014564550776522411,Q4
2.9952087611225187,0.0014919834901451212,Q4
3.1074606433949348,0.0015275118742280602,Q4
3.2032854209445585,0.0015630392505460167,Q4
3.271731690622861,0.0016340897039275326,Q4
3.3045859000684463,0.0016696154954389808,Q4
3.3073237508555784,0.00170514073471284,Q4
3.4414784394250515,0.0017406664166699226,Q4
3.5345653661875427,0.0017761945754130037,Q4
3.589322381930185,0.001811722746587363,Q4
3.600273785078713,0.0018472506440495584,Q4
3.6358658453114305,0.0018827781851497027,Q4
3.668720054757016,0.0019183055812603822,Q4
3.7097878165639973,0.0019538335104269944,Q4
3.7234770704996576,0.001989360564807585,Q4
3.805612594113621,0.002024887639981765,Q4
3.89596167008898,0.002060415743538435,Q4
3.9534565366187544,0.0020959426593578634,Q4
4.027378507871321,0.0021314704197181733,Q4
4.068446269678303,0.002166997705074114,Q4
4.084873374401095,0.002202525066813621,Q4
4.136892539356605,0.002238051876695457,Q4
4.216290212183436,0.002273578209317506,Q4
4.249144421629021,0.0023091050167152183,Q4
4.553045859000685,0.0023446309052088665,Q4
4.605065023956194,0.0023801581435189956,Q4
4.629705681040384,0.0024156861966609933,Q4
4.80766598220397,0.002451213631711191,Q4
4.82135523613963,0.0024867402970089048,Q4
4.829568788501026,0.00252226669798572,Q4
4.851471594798084,0.002557792533401382,Q4
4.908966461327857,0.002593318864222871,Q4
4.91170431211499,0.0026288441020780873,Q4
4.936344969199179,0.0026643696533243943,Q4
4.969199178644764,0.0026998960691537732,Q4
5.1416837782340865,0.0027354233208216616,Q4
5.190965092402464,0.002770951847462233,Q4
5.215605749486653,0.0028064793761269913,Q4
5.30321697467488,0.0028420067253869252,Q4
5.330595482546201,0.0028775337295422476,Q4
5.341546885694729,0.0029130623568650593,Q4
5.352498288843258,0.002948593196219207,Q4
5.4072553045859,0.0029841253661651024,Q4
5.420944558521561,0.0030196575212603216,Q4
5.49760438056126,0.003055189108950418,Q4
5.544147843942505,0.003090719324479352,Q4
5.590691307323751,0.0031262482208789244,Q4
5.596167008898015,0.003161777110174846,Q4
5.6290212183436,0.0031973100434480317,Q4
5.648186173853525,0.0032328431587566042,Q4
5.702943189596167,0.003268377264933564,Q4
5.705681040383299,0.0033039108814044704,Q4
5.71937029431896,0.003339444814313919,Q4
5.842573579739904,0.003374978190628042,Q4
5.886379192334018,0.003410511298323704,Q4
5.9110198494182065,0.003446043326049142,Q4
5.976728268309377,0.003481576164906963,Q4
6.026009582477755,0.003517107438918421,Q4
6.031485284052019,0.00355263853592791,Q4
6.083504449007529,0.0035881726740665254,Q4
6.102669404517454,0.003623706085195688,Q4
6.138261464750171,0.003659238723721314,Q4
6.1711156741957565,0.0036947730130129086,Q4
6.182067077344285,0.0037303068482298363,Q4
6.198494182067077,0.0037658393367444587,Q4
6.201232032854209,0.0038013736103220674,Q4
6.217659137577002,0.00383690865345665,Q4
6.242299794661191,0.0038724432602569303,Q4
6.272416153319644,0.003907977554599373,Q4
6.349075975359343,0.003943513769459783,Q4
6.360027378507871,0.003979049752267927,Q4
6.406570841889117,0.004014587275325887,Q4
6.496919917864476,0.0040856603285917,Q4
6.499657768651608,0.004121196911667568,Q4
6.50239561943874,0.004156733280331393,Q4
6.524298425735798,0.004192268872102556,Q4
6.6036960985626285,0.004227804564593041,Q4
6.658453114305271,0.004263339899978291,Q4
6.677618069815195,0.004298874491543869,Q4
6.685831622176591,0.004334409197566336,Q4
6.737850787132102,0.004369943445760471,Q4
6.776180698151951,0.00440547658895174,Q4
6.861054072553046,0.004441015956635264,Q4
6.880219028062971,0.004476554405106414,Q4
6.921286789869952,0.004512095289314955,Q4
6.937713894592744,0.004547637135231319,Q4
6.945927446954141,0.004583180172085477,Q4
6.992470910335387,0.004618724297332344,Q4
7.028062970568104,0.0046542676267551375,Q4
7.0718685831622174,0.004689811188112181,Q4
7.0746064339493495,0.00472535358265469,Q4
7.096509240246407,0.004760895677832888,Q4
7.1649555099247095,0.004796437857527147,Q4
7.2032854209445585,0.004831979000771147,Q4
7.236139630390143,0.0048675204125017135,Q4
7.260780287474333,0.00490306149588593,Q4
7.370294318959616,0.0049386028039561936,Q4
7.474332648870637,0.004974144094724076,Q4
7.490759753593429,0.005009686103576438,Q4
7.515400410677618,0.005045229034618459,Q4
7.523613963039014,0.005080772375176124,Q4
7.5482546201232035,0.00511631483889885,Q4
7.561943874058864,0.005151859328459962,Q4
7.578370978781656,0.005187404539269247,Q4
7.619438740588638,0.005222948965245555,Q4
7.67419575633128,0.005258494312776363,Q4
7.7180013689253935,0.005294039091588987,Q4
7.728952772073922,0.005329582494626561,Q4
7.748117727583847,0.005365125418993921,Q4
7.775496235455168,0.005400669312899398,Q4
7.7782340862423,0.005436213426828096,Q4
7.824777549623546,0.005471757755219797,Q4
7.83025325119781,0.00550730209429906,Q4
7.835728952772074,0.005542846830719483,Q4
7.882272416153319,0.005578391276328087,Q4
7.898699520876113,0.005613934793191944,Q4
7.9780971937029435,0.00564947785117953,Q4
7.9808350444900755,0.005685020179826639,Q4
8.02464065708419,0.005720566466094756,Q4
8.054757015742641,0.005756116044247861,Q4
8.123203285420944,0.005791666425553399,Q4
8.183436002737851,0.005827216566610449,Q4
8.205338809034908,0.005862766557954702,Q4
8.265571526351813,0.005898316898121259,Q4
8.268309377138946,0.0059338664809107655,Q4
8.306639288158795,0.005969415535802547,Q4
8.336755646817249,0.006004966237889375,Q4
8.369609856262834,0.006040516465327439,Q4
8.37782340862423,0.006076066512356815,Q4
8.383299110198495,0.006111616291147093,Q4
8.407939767282683,0.006182714694822011,Q4
8.435318275154003,0.006218263654383938,Q4
8.457221081451062,0.006253813362434357,Q4
8.555783709787816,0.0062893639503194265,Q4
8.59958932238193,0.006324914644143531,Q4
8.6652977412731,0.006360466446458379,Q4
8.673511293634498,0.006396017629353712,Q4
8.695414099931554,0.006431567744486277,Q4
8.706365503080082,0.0064671174466852666,Q4
8.739219712525667,0.006502667014118391,Q4
8.758384668035593,0.006538217367458077,Q4
8.766598220396988,0.006573766814572113,Q4
8.772073921971252,0.006609315820051975,Q4
8.780287474332649,0.006644864355992985,Q4
8.845995893223819,0.006680415084445612,Q4
8.854209445585216,0.006715966767565584,Q4
8.873374401095141,0.006751517625714798,Q4
8.960985626283367,0.0067870687898577975,Q4
9.032169746748803,0.006822619152840215,Q4
9.037645448323067,0.006858172284837205,Q4
9.067761806981519,0.006893724474854035,Q4
9.070499657768652,0.006929277610572604,Q4
9.075975359342916,0.006964832229789386,Q4
9.111567419575634,0.007000386023717775,Q4
9.114305270362765,0.007035939910129629,Q4
9.163586584531142,0.007071493867479073,Q4
9.169062286105408,0.007107047934851063,Q4
9.229295003422314,0.007142601494692924,Q4
9.242984257357975,0.007178154287979854,Q4
9.25119780971937,0.007213706645748497,Q4
9.300479123887747,0.007249258240201728,Q4
9.363449691991786,0.0072848095726513185,Q4
9.440109514031485,0.007320360623285782,Q4
9.467488021902806,0.007355911031627471,Q4
9.486652977412732,0.0073914624110291705,Q4
9.544147843942506,0.0074270131352512925,Q4
9.54962354551677,0.007498113003565177,Q4
9.566050650239562,0.007533664322347922,Q4
9.59069130732375,0.00756921742126393,Q4
9.607118412046544,0.007604769298310221,Q4
9.609856262833675,0.007640321269916206,Q4
9.639972621492129,0.007675873669266142,Q4
9.705681040383299,0.007711425542137773,Q4
9.716632443531827,0.0077469773368369355,Q4
9.724845995893224,0.00778252891657516,Q4
9.730321697467488,0.007818079897231156,Q4
9.738535249828884,0.007853631615824752,Q4
9.754962354551678,0.007889183554230073,Q4
9.817932922655714,0.007924734766151631,Q4
9.831622176591376,0.007960284889951819,Q4
9.883641341546886,0.007995835637610416,Q4
9.900068446269678,0.008031385538152525,Q4
9.924709103353868,0.008066935379221318,Q4
9.935660506502396,0.008102486056706826,Q4
10.023271731690622,0.008138035399534282,Q4
10.026009582477755,0.008173584125916622,Q4
10.056125941136209,0.008209132151439036,Q4
10.069815195071868,0.008244680529897574,Q4
10.080766598220396,0.00828022800399586,Q4
10.08624229979466,0.008315774181890445,Q4
10.094455852156058,0.00835132108579828,Q4
10.116358658453114,0.008386869023180643,Q4
10.127310061601642,0.008422416195979165,Q4
10.132785763175907,0.00849350737465382,Q4
10.179329226557153,0.008529059154771867,Q4
10.223134839151266,0.008564614433387185,Q4
10.258726899383984,0.008600169808754665,Q4
10.28062970568104,0.008635724748334517,Q4
10.283367556468173,0.008671281568483846,Q4
10.329911019849419,0.008706839778700681,Q4
10.343600273785079,0.00874239815310851,Q4
10.376454483230663,0.008777955872730447,Q4
10.395619438740589,0.008813514564206315,Q4
10.401095140314853,0.008849071749111648,Q4
10.414784394250514,0.008884630660224269,Q4
10.420260095824778,0.008920189315212435,Q4
10.425735797399042,0.008955749055883588,Q4
10.428473648186174,0.008991311571069138,Q4
10.472279260780287,0.009026873111972034,Q4
10.510609171800137,0.009062436271853214,Q4
10.535249828884325,0.009098000819758534,Q4
10.546201232032855,0.009133564800773097,Q4
10.603696098562628,0.009169128256188097,Q4
10.620123203285422,0.00920469069000196,Q4
10.655715263518138,0.009240253692066158,Q4
10.680355920602327,0.009275817732625424,Q4
10.715947980835045,0.009311381305152189,Q4
10.718685831622176,0.009346944776810528,Q4
10.803559206023271,0.009382507765332448,Q4
10.806297056810404,0.00941807097837688,Q4
10.809034907597535,0.009453635240849634,Q4
10.836413415468858,0.009489198828983803,Q4
10.847364818617386,0.009524762075121873,Q4
10.877481177275838,0.009560324312507862,Q4
10.896646132785763,0.009595885281452055,Q4
10.910335386721425,0.009631446543939548,Q4
10.934976043805612,0.009667008461715865,Q4
10.948665297741274,0.009702570326478144,Q4
10.965092402464066,0.009738133034798868,Q4
10.976043805612594,0.009773695339971189,Q4
10.989733059548255,0.00980925733461524,Q4
11.052703627652292,0.009880380031357716,Q4
11.1129363449692,0.009915942310966597,Q4
11.11567419575633,0.00995150448447124,Q4
11.148528405201917,0.0099870668616866,Q4
11.181382614647502,0.010022628732129113,Q4
11.211498973305956,0.010058191686268758,Q4
11.285420944558522,0.010093753759794266,Q4
11.3347022587269,0.010129315246896198,Q4
11.345653661875428,0.01020043561770223,Q4
11.351129363449692,0.010235995991854097,Q4
11.40041067761807,0.010271555415655165,Q4
11.408624229979466,0.010307114793365435,Q4
11.433264887063656,0.010342675287908776,Q4
11.471594798083505,0.010378235873014563,Q4
11.474332648870636,0.010413798140106567,Q4
11.482546201232033,0.010449362302364151,Q4
11.493497604380561,0.0104849254813707,Q4
11.496235455167694,0.010520489105245168,Q4
11.512662559890487,0.010556052769651103,Q4
11.526351813826146,0.010591615472658633,Q4
11.53182751540041,0.010627178093372214,Q4
11.572895277207392,0.010662740059085851,Q4
11.575633127994525,0.010698301018371326,Q4
11.589322381930184,0.010733861424763624,Q4
11.594798083504449,0.01076942138643866,Q4
11.66050650239562,0.010804981046559026,Q4
11.67419575633128,0.01084054068864726,Q4
11.68788501026694,0.010876100918470355,Q4
11.690622861054072,0.010911660830691172,Q4
11.698836413415469,0.010947221040583877,Q4
11.704312114989733,0.010982780821651605,Q4
11.709787816563997,0.011018342074731957,Q4
11.748117727583846,0.011089464101031954,Q4
11.772758384668036,0.01112502685245964,Q4
11.797399041752225,0.011160589896334061,Q4
11.854893908282,0.011196152224292155,Q4
11.860369609856264,0.0112317135354566,Q4
11.88227241615332,0.011267274589236265,Q4
11.885010266940451,0.011302835828554736,Q4
11.9233401779603,0.01133839660134306,Q4
11.94798083504449,0.011373956902973048,Q4
11.950718685831623,0.011409519314313,Q4
11.997262149212867,0.011445082060868472,Q4
