time,group,cuminc
0.0,Q1,0.0
0.06030150753768844,Q1,0.00041631973355404917
0.12060301507537688,Q1,0.0011448792672766883
0.18090452261306533,Q1,0.0021856786011644758
0.24120603015075376,Q1,0.003330557868441497
0.3015075376884422,Q1,0.004475437135719629
0.36180904522613067,Q1,0.005412156536218626
0.4221105527638191,Q1,0.006244796003330388
0.4824120603015075,Q1,0.007285595337218842
0.542713567839196,Q1,0.008014154870940482
0.6030150753768844,Q1,0.008950874271439146
0.6633165829145728,Q1,0.00967943380516112
0.7236180904522613,Q1,0.010928393005827819
0.7839195979899497,Q1,0.011969192339716384
0.8442211055276382,Q1,0.013009991673604948
0.9045226130653266,Q1,0.013946711074104945
0.964824120603015,Q1,0.014779350541215042
1.0251256281407035,Q1,0.01571606994171426
1.085427135678392,Q1,0.016756869275602382
1.1457286432160803,Q1,0.018005828476268304
1.2060301507537687,Q1,0.01894254787676919
1.2663316582914572,Q1,0.019775187343879286
1.3266331658291457,Q1,0.02071190674437906
1.3869346733668342,Q1,0.021960865945044983
1.4472361809045227,Q1,0.023313905079099473
1.507537688442211,Q1,0.024042464612822667
1.5678391959798994,Q1,0.025187343880099577
1.6281407035175879,Q1,0.02695670274770956
1.6884422110552764,Q1,0.027997502081598458
1.7487437185929648,Q1,0.029246461282264824
1.809045226130653,Q1,0.02997502081598613
1.8693467336683416,Q1,0.03143213988343008
1.92964824120603,Q1,0.03247293921731753
1.9899497487437185,Q1,0.03393005828476192
2.050251256281407,Q1,0.03517901748542818
2.1105527638190953,Q1,0.0364279766860941
2.170854271356784,Q1,0.037781015820149255
2.2311557788944723,Q1,0.03902997502081618
2.2914572864321605,Q1,0.03986261448792605
2.351758793969849,Q1,0.0415278934221478
2.4120603015075375,Q1,0.041944213155702514
2.472361809045226,Q1,0.043401332223146016
2.5326633165829144,Q1,0.04454621149042359
2.5929648241206027,Q1,0.04537885095753391
2.6532663316582914,Q1,0.04683597002497897
2.7135678391959797,Q1,0.0477726894254783
2.7738693467336684,Q1,0.04902164862614378
2.8341708542713566,Q1,0.05047876769358828
2.8944723618090453,Q1,0.052144046627809026
2.9547738693467336,Q1,0.05370524562864232
3.015075376884422,Q1,0.05474604496253044
3.0753768844221105,Q1,0.055890924229807126
3.135678391959799,Q1,0.05672356369691933
3.1959798994974875,Q1,0.05786844296419669
3.2562814070351758,Q1,0.05974188176519557
3.316582914572864,Q1,0.0608867610324717
3.3768844221105527,Q1,0.06213572023313774
3.437185929648241,Q1,0.06307243963363807
3.4974874371859297,Q1,0.0639050791007485
3.557788944723618,Q1,0.06515403830141497
3.618090452261306,Q1,0.06609075770191397
3.678391959798995,Q1,0.06858867610324615
3.738693467336683,Q1,0.07004579517069076
3.798994974874372,Q1,0.07129475437135724
3.85929648241206,Q1,0.07254371357202227
3.9195979899497484,Q1,0.0734804329725226
3.979899497487437,Q1,0.07452123230641061
4.040201005025126,Q1,0.07535387177352215
4.100502512562814,Q1,0.07608243130724301
4.160804020100502,Q1,0.07701915070774368
4.221105527638191,Q1,0.07774771024146487
4.281407035175879,Q1,0.07899666944213057
4.341708542713568,Q1,0.08055786844296298
4.402010050251256,Q1,0.08159866777685232
4.4623115577889445,Q1,0.0826394671107411
4.522613065326633,Q1,0.08347210657785065
4.582914572864321,Q1,0.08513738551207273
4.64321608040201,Q1,0.08617818484596151
4.703517587939698,Q1,0.08784346378018337
4.763819095477387,Q1,0.08950874271440434
4.824120603015075,Q1,0.09054954204829213
4.884422110552763,Q1,0.09200666111573685
4.944723618090452,Q1,0.09335970024979079
5.005025125628141,Q1,0.09502497918401331
5.065326633165829,Q1,0.09637801831806736
5.125628140703517,Q1,0.09731473771856647
5.185929648241205,Q1,0.09825145711906758
5.2462311557788945,Q1,0.09950041631973316
5.306532663316583,Q1,0.10085345545378821
5.366834170854271,Q1,0.10137385512073183
5.427135678391959,Q1,0.10355953372189719
5.487437185929648,Q1,0.10470441298917565
5.547738693467337,Q1,0.10605745212322937
5.608040201005025,Q1,0.10730641132389673
5.668341708542713,Q1,0.10845129059117398
5.7286432160804015,Q1,0.10938800999167364
5.788944723618091,Q1,0.1110532889258945
5.849246231155779,Q1,0.11292672772689394
5.909547738693467,Q1,0.11407160699417052
5.969849246231155,Q1,0.11615320566194753
6.030150753768844,Q1,0.11771440466278071
6.090452261306533,Q1,0.11917152373022422
6.150753768844221,Q1,0.12062864279766783
6.211055276381909,Q1,0.12218984179850112
6.271356783919598,Q1,0.12354288093255594
6.331658291457286,Q1,0.12479184013322231
6.391959798994975,Q1,0.12604079933388723
6.452261306532663,Q1,0.12739383846794272
6.5125628140703515,Q1,0.1286427976686091
6.57286432160804,Q1,0.13051623646960853
6.633165829145728,Q1,0.13249375520399587
6.693467336683417,Q1,0.13374271440466223
6.7537688442211055,Q1,0.13499167360532838
6.814070351758794,Q1,0.13655287260616056
6.874371859296482,Q1,0.1376977518734377
6.93467336683417,Q1,0.13925895087427165
6.994974874371859,Q1,0.14029975020815877
7.055276381909548,Q1,0.14102830974188085
7.115577889447236,Q1,0.142277268942548
7.175879396984924,Q1,0.1436303080766026
7.236180904522612,Q1,0.14519150707743533
7.296482412060302,Q1,0.14633638634471302
7.35678391959799,Q1,0.14768942547876696
7.417085427135678,Q1,0.14945878434637738
7.477386934673366,Q1,0.1502914238134888
7.537688442211055,Q1,0.1525811823480422
7.597989949748744,Q1,0.1539342214820979
7.658291457286432,Q1,0.15487094088259712
7.71859296482412,Q1,0.1563280599500414
7.7788944723618085,Q1,0.15736885928392907
7.839195979899497,Q1,0.15903413821815038
7.899497487437186,Q1,0.16101165695253927
7.959798994974874,Q1,0.16257285595337223
8.020100502512562,Q1,0.1640299750208154
8.080402010050252,Q1,0.16538301415487022
8.140703517587939,Q1,0.16663197335553648
8.201005025125628,Q1,0.16736053288925845
8.261306532663315,Q1,0.16965029142381294
8.321608040201005,Q1,0.171107410491257
8.381909547738694,Q1,0.17204412989175633
8.442211055276381,Q1,0.17360532889258917
8.50251256281407,Q1,0.17464612822647751
8.562814070351758,Q1,0.17651956702747684
8.623115577889447,Q1,0.17797668609491968
8.683417085427136,Q1,0.18016236469608538
8.743718592964823,Q1,0.18130724396336295
8.804020100502512,Q1,0.1823480432972524
8.8643216080402,Q1,0.18370108243130734
8.924623115577889,Q1,0.18515820149875029
8.984924623115578,Q1,0.1870316402997495
9.045226130653266,Q1,0.18828059950041653
9.105527638190955,Q1,0.18942547876769233
9.165829145728642,Q1,0.1912989175686921
9.226130653266331,Q1,0.1928601165695253
9.28643216080402,Q1,0.1945253955037458
9.346733668341708,Q1,0.19567027477102372
9.407035175879397,Q1,0.19785595337218864
9.467336683417084,Q1,0.1987926727726893
9.527638190954773,Q1,0.20014571190674357
9.587939698492463,Q1,0.20170691090757653
9.64824120603015,Q1,0.20347626977518696
9.708542713567839,Q1,0.20441298917568684
9.768844221105526,Q1,0.20555786844296342
9.829145728643216,Q1,0.20639050791007407
9.889447236180905,Q1,0.20743130724396253
9.949748743718592,Q1,0.20909658617818472
10.010050251256281,Q1,0.21752706078268091
10.070351758793969,Q1,0.21835970024979146
10.130653266331658,Q1,0.21981681931723507
10.190954773869347,Q1,0.22085761865112297
10.251256281407034,Q1,0.22273105745212274
10.311557788944723,Q1,0.2237718567860113
10.37185929648241,Q1,0.225020815986677
10.4321608040201,Q1,0.2265820149875093
10.492462311557789,Q1,0.22762281432139797
10.552763819095476,Q1,0.2298084929225641
10.613065326633166,Q1,0.2310574521232308
10.673366834170853,Q1,0.23272273105745167
10.733668341708542,Q1,0.23407577019150694
10.793969849246231,Q1,0.23584512905911714
10.854271356783919,Q1,0.23688592839300548
10.914572864321608,Q1,0.23792672772689405
10.974874371859295,Q1,0.23917568692756008
11.035175879396984,Q1,0.24011240632805986
11.095477386934673,Q1,0.24136136552872534
11.15577889447236,Q1,0.2434429641965019
11.21608040201005,Q1,0.24469192339716872
11.276381909547737,Q1,0.2458368026644463
11.336683417085426,Q1,0.24708576186511255
11.396984924623116,Q1,0.2477102414654454
11.457286432160803,Q1,0.2486469608659453
11.517587939698492,Q1,0.24999999999999922
11.577889447236181,Q1,0.2514571190674434
11.638190954773869,Q1,0.2527060782681094
11.698492462311558,Q1,0.2545795170691083
11.758793969849245,Q1,0.2561407160699414
11.819095477386934,Q1,0.25707743547044093
11.879396984924623,Q1,0.25791007493755147
11.93969849246231,Q1,0.25863863447127367
12.0,Q1,0.25926311407160685
0.0,Q2,0.0
0.06030150753768844,Q2,0.0009376953531993193
0.12060301507537688,Q2,0.0012502604709314635
0.18090452261306533,Q2,0.002292144196707091
0.24120603015075376,Q2,0.0035424046676396648
0.3015075376884422,Q2,0.005001041883725743
0.36180904522613067,Q2,0.005417795374036305
0.4221105527638191,Q2,0.006459679099813154
0.4824120603015075,Q2,0.007814127943321592
0.542713567839196,Q2,0.008960200041675637
0.6030150753768844,Q2,0.01073140237549608
0.6633165829145728,Q2,0.012502604709315412
0.7236180904522613,Q2,0.013544488435090929
0.7839195979899497,Q2,0.014377995415711053
0.8442211055276382,Q2,0.01573244425922027
0.9045226130653266,Q2,0.01646176286726353
0.964824120603015,Q2,0.017712023338196103
1.0251256281407035,Q2,0.019483225672015436
1.085427135678392,Q2,0.020629297770369703
1.1457286432160803,Q2,0.022400500104189258
1.2060301507537687,Q2,0.02333819545738791
1.2663316582914572,Q2,0.024275890810585787
1.3266331658291457,Q2,0.025734528026672865
1.3869346733668342,Q2,0.026568035007293545
1.4472361809045227,Q2,0.027714107105647146
1.507537688442211,Q2,0.02969368618462187
1.5678391959798994,Q2,0.03146488851844087
1.6281407035175879,Q2,0.03292352573452817
1.6884422110552764,Q2,0.03427797457803694
1.7487437185929648,Q2,0.035424046676390986
1.809045226130653,Q2,0.03698687226505626
1.8693467336683416,Q2,0.03854969785371898
1.92964824120603,Q2,0.04011252344238492
1.9899497487437185,Q2,0.04094603042300471
2.050251256281407,Q2,0.04292560950197921
2.1105527638190953,Q2,0.04344655136486775
2.170854271356784,Q2,0.04469681183579943
2.2311557788944723,Q2,0.04605126067930898
2.2914572864321605,Q2,0.047405709522818196
2.351758793969849,Q2,0.04917691185663786
2.4120603015075375,Q2,0.04980204209210215
2.472361809045226,Q2,0.05105230256303506
2.5326633165829144,Q2,0.05209418628881113
2.5929648241206027,Q2,0.05355282350489787
2.6532663316582914,Q2,0.055324025838716984
2.7135678391959797,Q2,0.05688685142738181
2.7738693467336684,Q2,0.058345488643467
2.8341708542713566,Q2,0.05928318399666599
2.8944723618090453,Q2,0.06115857470306263
2.9547738693467336,Q2,0.06292977703688263
3.015075376884422,Q2,0.06365909564492689
3.0753768844221105,Q2,0.06543029797874578
3.135678391959799,Q2,0.06699312356741038
3.1959798994974875,Q2,0.06834757241091893
3.2562814070351758,Q2,0.06959783288185084
3.316582914572864,Q2,0.0709522817253605
3.3768844221105527,Q2,0.07282767243175714
3.437185929648241,Q2,0.07470306313815334
3.4974874371859297,Q2,0.07637007709939536
3.557788944723618,Q2,0.07709939570743962
3.618090452261306,Q2,0.07855803292352581
3.678391959798995,Q2,0.07991248176703458
3.738693467336683,Q2,0.08126693061054435
3.798994974874372,Q2,0.08293394457178682
3.85929648241206,Q2,0.08470514690560493
3.9195979899497484,Q2,0.08595540737653784
3.979899497487437,Q2,0.08762242133777853
4.040201005025126,Q2,0.08918524692644392
4.100502512562814,Q2,0.09043550739737483
4.160804020100502,Q2,0.09168576786830618
4.221105527638191,Q2,0.09304021671181517
4.281407035175879,Q2,0.09418628881016888
4.341708542713568,Q2,0.0953323609085227
4.402010050251256,Q2,0.0962700562617208
4.4623115577889445,Q2,0.0974161283600753
4.522613065326633,Q2,0.09908314232131732
4.582914572864321,Q2,0.1002292144196717
4.64321608040201,Q2,0.10158366326318047
4.703517587939698,Q2,0.10335486559700002
4.763819095477387,Q2,0.10408418420504362
4.824120603015075,Q2,0.10585538653886295
4.884422110552763,Q2,0.10679308189206094
4.944723618090452,Q2,0.10783496561783668
5.005025125628141,Q2,0.10960616795165645
5.065326633165829,Q2,0.11075224005001116
5.125628140703517,Q2,0.11179412377578735
5.185929648241205,Q2,0.11294019587414039
5.2462311557788945,Q2,0.11502396332569287
5.306532663316583,Q2,0.11689935403208973
5.366834170854271,Q2,0.11877474473848693
5.427135678391959,Q2,0.1197124400916858
5.487437185929648,Q2,0.12148364242550524
5.547738693467337,Q2,0.12356740987705839
5.608040201005025,Q2,0.12627630756407682
5.668341708542713,Q2,0.12742237966242997
5.7286432160804015,Q2,0.12919358199624997
5.788944723618091,Q2,0.1306522192123366
5.849246231155779,Q2,0.13179829131068976
5.909547738693467,Q2,0.13367368201708685
5.969849246231155,Q2,0.13534069597832943
6.030150753768844,Q2,0.13659095644926045
6.090452261306533,Q2,0.1378412169201918
6.150753768844221,Q2,0.13919566576370113
6.211055276381909,Q2,0.14044592623463326
6.271356783919598,Q2,0.1421129401958744
6.331658291457286,Q2,0.14336320066680552
6.391959798994975,Q2,0.14482183788289238
6.452261306532663,Q2,0.1455511564909352
6.5125628140703515,Q2,0.14721817045217778
6.57286432160804,Q2,0.14867680766826497
6.633165829145728,Q2,0.15076057511981633
6.693467336683417,Q2,0.15190664721817004
6.7537688442211055,Q2,0.15305271931652475
6.814070351758794,Q2,0.15419879141487824
6.874371859296482,Q2,0.1553448635132315
6.93467336683417,Q2,0.15774119608251713
6.994974874371859,Q2,0.15878307980829387
7.055276381909548,Q2,0.16013752865180297
7.115577889447236,Q2,0.160971035632424
7.175879396984924,Q2,0.16253386122108848
7.236180904522612,Q2,0.16420087518233017
7.296482412060302,Q2,0.1655553240258385
7.35678391959799,Q2,0.16690977286934816
7.417085427135678,Q2,0.16836841008543535
7.477386934673366,Q2,0.16972285892894323
7.537688442211055,Q2,0.17086893102729805
7.597989949748744,Q2,0.17232756824338458
7.658291457286432,Q2,0.17347364034173818
7.71859296482412,Q2,0.17503646593040245
7.7788944723618085,Q2,0.17712023338195415
7.839195979899497,Q2,0.1787872473431964
7.899497487437186,Q2,0.18097520316732618
7.959798994974874,Q2,0.18253802875599168
8.020100502512562,Q2,0.18462179620754404
8.080402010050252,Q2,0.18597624505105292
8.140703517587939,Q2,0.18733069389456203
8.201005025125628,Q2,0.18878933111064788
8.261306532663315,Q2,0.19045634507189013
8.321608040201005,Q2,0.19191498228797732
8.381909547738694,Q2,0.1934778078766416
8.442211055276381,Q2,0.19483225672015037
8.50251256281407,Q2,0.19649927068139206
8.562814070351758,Q2,0.19879141487809937
8.623115577889447,Q2,0.20004167534903128
8.683417085427136,Q2,0.20191706605542847
8.743718592964823,Q2,0.20306313815378252
8.804020100502512,Q2,0.204730152115024
8.8643216080402,Q2,0.20587622421337837
8.924623115577889,Q2,0.20754323817462061
8.984924623115578,Q2,0.20931444050843917
9.045226130653266,Q2,0.21129401958741367
9.105527638190955,Q2,0.21275265680350042
9.165829145728642,Q2,0.2146280475098984
9.226130653266331,Q2,0.21598249635340727
9.28643216080402,Q2,0.21733694519691604
9.346733668341708,Q2,0.21889977078558054
9.407035175879397,Q2,0.22015003125651234
9.467336683417084,Q2,0.22233798708064179
9.527638190954773,Q2,0.22390081266930573
9.587939698492463,Q2,0.22588039174828167
9.64824120603015,Q2,0.22723484059178967
9.708542713567839,Q2,0.2286934778078774
9.768844221105526,Q2,0.2299437382788081
9.829145728643216,Q2,0.2314023754948945
9.889447236180905,Q2,0.23244425922067102
9.949748743718592,Q2,0.23369451969160293
10.010050251256281,Q2,0.24828089185246993
10.070351758793969,Q2,0.24953115232340095
10.130653266331658,Q2,0.25098978953948714
10.190954773869347,Q2,0.25265680350072894
10.251256281407034,Q2,0.2542196290893938
10.311557788944723,Q2,0.2555740779329029
10.37185929648241,Q2,0.2568243384038348
10.4321608040201,Q2,0.25869972911023154
10.492462311557789,Q2,0.2595332360908529
10.552763819095476,Q2,0.2607834965617839
10.613065326633166,Q2,0.26265888726818154
10.673366834170853,Q2,0.2639091477391129
10.733668341708542,Q2,0.2650552198374658
10.793969849246231,Q2,0.2657845384455101
10.854271356783919,Q2,0.2674515524067511
10.914572864321608,Q2,0.26870181287768247
10.974874371859295,Q2,0.27026463846634774
11.035175879396984,Q2,0.27182746405501146
11.095477386934673,Q2,0.27266097103563214
11.15577889447236,Q2,0.2752656803500729
11.21608040201005,Q2,0.27630756407585
11.276381909547737,Q2,0.27714107105647057
11.336683417085426,Q2,0.2781829547822464
11.396984924623116,Q2,0.27912065013544474
11.457286432160803,Q2,0.280266722233799
11.517587939698492,Q2,0.2816211710773078
11.577889447236181,Q2,0.2826630548030844
11.638190954773869,Q2,0.28401750364659273
11.698492462311558,Q2,0.2849551989997914
11.758793969849245,Q2,0.28589289435299103
11.819095477386934,Q2,0.28766409668681037
11.879396984924623,Q2,0.28964367576578465
11.93969849246231,Q2,0.29141487809960465
12.0,Q2,0.29276932694311364
0.0,Q3,0.0
0.06030150753768844,Q3,0.0008334201479334169
0.12060301507537688,Q3,0.0019793728513383124
0.18090452261306533,Q3,0.0034378581102199046
0.24120603015075376,Q3,0.004792165850610264
0.3015075376884422,Q3,0.006042296072508391
0.36180904522613067,Q3,0.0069798937389319304
0.4221105527638191,Q3,0.0084383789978133
0.4824120603015075,Q3,0.00979268673820266
0.542713567839196,Q3,0.011042816960100565
0.6030150753768844,Q3,0.01239712470049037
0.6633165829145728,Q3,0.01406396499635476
0.7236180904522613,Q3,0.016043337847693184
0.7839195979899497,Q3,0.0173976455880821
0.8442211055276382,Q3,0.019064485883945936
0.9045226130653266,Q3,0.020731326179811438
0.964824120603015,Q3,0.021981456401708677
1.0251256281407035,Q3,0.02406500677154
1.085427135678392,Q3,0.02510678195645455
1.1457286432160803,Q3,0.026461089696843576
1.2060301507537687,Q3,0.02802375247421718
1.2663316582914572,Q3,0.02969059277008046
1.3266331658291457,Q3,0.03104490051046982
1.3869346733668342,Q3,0.032295030732367835
1.4472361809045227,Q3,0.034170226065215914
1.507537688442211,Q3,0.03594124387957065
1.5678391959798994,Q3,0.036566308990519825
1.6281407035175879,Q3,0.03750390665694325
1.6884422110552764,Q3,0.03885821439733339
1.7487437185929648,Q3,0.040837587248672924
1.809045226130653,Q3,0.04302531513699326
1.8693467336683416,Q3,0.04479633295134955
1.92964824120603,Q3,0.04625481821023003
1.9899497487437185,Q3,0.04792165850609431
2.050251256281407,Q3,0.04958849880195926
2.1105527638190953,Q3,0.050942806542349395
2.170854271356784,Q3,0.05229711428273831
2.2311557788944723,Q3,0.053755599541619126
2.2914572864321605,Q3,0.05542243983748385
2.351758793969849,Q3,0.05677674757787332
2.4120603015075375,Q3,0.058339410355245036
2.472361809045226,Q3,0.05990207313261786
2.5326633165829144,Q3,0.06188144598395795
2.5929648241206027,Q3,0.06354828627982212
2.6532663316582914,Q3,0.06552765913115999
2.7135678391959797,Q3,0.06781956453797267
2.7738693467336684,Q3,0.06886133972288755
2.8341708542713566,Q3,0.07000729242629555
2.8944723618090453,Q3,0.07177831024064996
2.9547738693467336,Q3,0.07302844046254942
3.015075376884422,Q3,0.07459110323992213
3.0753768844221105,Q3,0.07604958849880272
3.135678391959799,Q3,0.07802896135014192
3.1959798994974875,Q3,0.07917491405354715
3.2562814070351758,Q3,0.08094593186790311
3.316582914572864,Q3,0.0827169496822584
3.3768844221105527,Q3,0.08448796749661414
3.437185929648241,Q3,0.08646734034795356
3.4974874371859297,Q3,0.08761329305136023
3.557788944723618,Q3,0.0905302635691223
3.618090452261306,Q3,0.09198874882800301
3.678391959798995,Q3,0.09271799145744342
3.738693467336683,Q3,0.09459318679029083
3.798994974874372,Q3,0.09563496197520616
3.85929648241206,Q3,0.09709344723408742
3.9195979899497484,Q3,0.09896864256693394
3.979899497487437,Q3,0.10032295030732474
4.040201005025126,Q3,0.1018856130846969
4.100502512562814,Q3,0.10386498593603599
4.160804020100502,Q3,0.10501093863944266
4.221105527638191,Q3,0.10688613397228908
4.281407035175879,Q3,0.10907386186061085
4.341708542713568,Q3,0.11126158974893341
4.402010050251256,Q3,0.11303260756328803
4.4623115577889445,Q3,0.11469944785915298
4.522613065326633,Q3,0.11594957808105066
4.582914572864321,Q3,0.11730388582143958
4.64321608040201,Q3,0.11897072611730497
4.703517587939698,Q3,0.12032503385769422
4.763819095477387,Q3,0.12157516407959168
4.824120603015075,Q3,0.12313782685696484
4.884422110552763,Q3,0.12563808730076098
4.944723618090452,Q3,0.12772163767059075
5.005025125628141,Q3,0.12949265548494748
5.065326633165829,Q3,0.13168038337326826
5.125628140703517,Q3,0.13324304615064164
5.185929648241205,Q3,0.13501406396499716
5.2462311557788945,Q3,0.1376185019272851
5.306532663316583,Q3,0.1402229398895719
5.366834170854271,Q3,0.1424106677778939
5.427135678391959,Q3,0.144285863110741
5.487437185929648,Q3,0.14553599333264
5.547738693467337,Q3,0.14730701114699485
5.608040201005025,Q3,0.14970309407230042
5.668341708542713,Q3,0.15157828940514673
5.7286432160804015,Q3,0.15251588707157104
5.788944723618091,Q3,0.15459943744140137
5.849246231155779,Q3,0.15564121262631547
5.909547738693467,Q3,0.15751640795916233
5.969849246231155,Q3,0.16064173351390865
6.030150753768844,Q3,0.1628294614022301
6.090452261306533,Q3,0.16418376914262
6.150753768844221,Q3,0.16605896447546675
6.211055276381909,Q3,0.16824669236378875
6.271356783919598,Q3,0.17022606521512662
6.331658291457286,Q3,0.17210126054797392
6.391959798994975,Q3,0.17501823106573644
6.452261306532663,Q3,0.17626836128763435
6.5125628140703515,Q3,0.1783519116574649
6.57286432160804,Q3,0.17991457443483805
6.633165829145728,Q3,0.18251901239712576
6.693467336683417,Q3,0.1836649651005321
6.7537688442211055,Q3,0.18543598291488717
6.814070351758794,Q3,0.18720700072924357
6.874371859296482,Q3,0.18887384102510685
6.93467336683417,Q3,0.1909573913949374
6.994974874371859,Q3,0.19262423169080112
7.055276381909548,Q3,0.19470778206063122
7.115577889447236,Q3,0.19699968746744478
7.175879396984924,Q3,0.19887488280029164
7.236180904522612,Q3,0.2004375455776648
7.296482412060302,Q3,0.20210438587352886
7.35678391959799,Q3,0.20377122616939258
7.417085427135678,Q3,0.20606313157620582
7.477386934673366,Q3,0.20772997187206987
7.537688442211055,Q3,0.21002187727888388
7.597989949748744,Q3,0.2114803625377648
7.658291457286432,Q3,0.21283467027815384
7.71859296482412,Q3,0.21418897801854397
7.7788944723618085,Q3,0.2157516407959168
7.839195979899497,Q3,0.21710594853630683
7.899497487437186,Q3,0.21939785394312006
7.959798994974874,Q3,0.2208563392020012
8.020100502512562,Q3,0.22241900197937303
8.080402010050252,Q3,0.22356495468277993
8.140703517587939,Q3,0.225335972497136
8.201005025125628,Q3,0.22762787790394867
8.261306532663315,Q3,0.23002396082925325
8.321608040201005,Q3,0.23179497864360843
8.381909547738694,Q3,0.2334618189394735
8.442211055276381,Q3,0.23544119179081258
8.50251256281407,Q3,0.23804562975309962
8.562814070351758,Q3,0.23939993749348976
8.623115577889447,Q3,0.24137931034482785
8.683417085427136,Q3,0.24367121575164052
8.743718592964823,Q3,0.24481716845504775
8.804020100502512,Q3,0.24648400875091137
8.8643216080402,Q3,0.24929680175018243
8.924623115577889,Q3,0.2509636420460465
8.984924623115578,Q3,0.2524221273049285
9.045226130653266,Q3,0.2540889676007926
9.105527638190955,Q3,0.25585998541514776
9.165829145728642,Q3,0.2581518908219613
9.226130653266331,Q3,0.26096468382123206
9.28643216080402,Q3,0.262839879154079
9.346733668341708,Q3,0.26471507448692644
9.407035175879397,Q3,0.26627773726429893
9.467336683417084,Q3,0.268152932597146
9.527638190954773,Q3,0.27023648296697567
9.587939698492463,Q3,0.2722158558183152
9.64824120603015,Q3,0.27471611626211057
9.708542713567839,Q3,0.27690384415043234
9.768844221105526,Q3,0.27867486196478786
9.829145728643216,Q3,0.2804458797791446
9.889447236180905,Q3,0.2819043650380255
9.949748743718592,Q3,0.28346702781539834
10.010050251256281,Q3,0.3027398687363275
10.070351758793969,Q3,0.3043025315136999
10.130653266331658,Q3,0.30607354932805575
10.190954773869347,Q3,0.3086779872903427
10.251256281407034,Q3,0.31055318262318976
10.311557788944723,Q3,0.3122200229190548
10.37185929648241,Q3,0.313886863214919
10.4321608040201,Q3,0.3156578810292747
10.492462311557789,Q3,0.31690801125117274
10.552763819095476,Q3,0.3182623189915621
10.613065326633166,Q3,0.3197208042504436
10.673366834170853,Q3,0.321700177101782
10.733668341708542,Q3,0.32347119491613796
10.793969849246231,Q3,0.32451297010105296
10.854271356783919,Q3,0.32555474528596806
10.914572864321608,Q3,0.327325763100323
10.974874371859295,Q3,0.3296176685071368
11.035175879396984,Q3,0.33086779872903505
11.095477386934673,Q3,0.3322221064694242
11.15577889447236,Q3,0.33461818939472887
11.21608040201005,Q3,0.3356599645796441
11.276381909547737,Q3,0.337222627357017
11.336683417085426,Q3,0.33930617772684657
11.396984924623116,Q3,0.3410771955412023
11.457286432160803,Q3,0.3419106156891347
11.517587939698492,Q3,0.34305656839254084
11.577889447236181,Q3,0.3443066986144392
11.638190954773869,Q3,0.3456610063548293
11.698492462311558,Q3,0.34670278153974454
11.758793969849245,Q3,0.34805708928013335
11.819095477386934,Q3,0.3495155745390146
11.879396984924623,Q3,0.3508698822794051
11.93969849246231,Q3,0.3533701427232012
12.0,Q3,0.35493280550057305
0.0,Q4,0.0
0.06030150753768844,Q4,0.0017713868917360598
0.12060301507537688,Q4,0.0037511722413247073
0.18090452261306533,Q4,0.00593935604876461
0.24120603015075376,Q4,0.007502344482651191
0.3015075376884422,Q4,0.00948212983223884
0.36180904522613067,Q4,0.012295509013233175
0.4221105527638191,Q4,0.014066895904970678
0.4824120603015075,Q4,0.01625507971241047
0.542713567839196,Q4,0.01833906429092491
0.6030150753768844,Q4,0.02115244347191869
0.6633165829145728,Q4,0.02313222882150756
0.7236180904522613,Q4,0.026049807231425803
0.7839195979899497,Q4,0.027821194123163973
0.8442211055276382,Q4,0.029592581014900254
0.9045226130653266,Q4,0.03282275711159721
0.964824120603015,Q4,0.03532353860581405
1.0251256281407035,Q4,0.03740752318432827
1.085427135678392,Q4,0.038970511618213854
1.1457286432160803,Q4,0.04126289465457955
1.2060301507537687,Q4,0.04397207460664809
1.2663316582914572,Q4,0.046785453787642206
1.3266331658291457,Q4,0.048765239137230076
1.3869346733668342,Q4,0.050328227571115325
1.4472361809045227,Q4,0.05251641137855634
1.507537688442211,Q4,0.05449619672814465
1.5678391959798994,Q4,0.056475982077732745
1.6281407035175879,Q4,0.05908096280087505
1.6884422110552764,Q4,0.061998541210795066
1.7487437185929648,Q4,0.06408252578930917
1.809045226130653,Q4,0.06616651036782395
1.8693467336683416,Q4,0.06887569031989116
1.92964824120603,Q4,0.07064707721162944
1.9899497487437185,Q4,0.07314785870584484
2.050251256281407,Q4,0.07512764405543393
2.1105527638190953,Q4,0.07773262477857656
2.170854271356784,Q4,0.0805460039595709
2.2311557788944723,Q4,0.08231739085130785
2.2914572864321605,Q4,0.08492237157445093
2.351758793969849,Q4,0.0872147546108154
2.4120603015075375,Q4,0.08971553610503324
2.472361809045226,Q4,0.09117432530999248
2.5326633165829144,Q4,0.09388350526206057
2.5929648241206027,Q4,0.09628008752735151
2.6532663316582914,Q4,0.09857247056371754
2.7135678391959797,Q4,0.10180264666041472
2.7738693467336684,Q4,0.10409502969678053
2.8341708542713566,Q4,0.10638741273314634
2.8944723618090453,Q4,0.10784620193810601
2.9547738693467336,Q4,0.11013858497447071
3.015075376884422,Q4,0.11232676878191117
3.0753768844221105,Q4,0.11503594873397915
3.135678391959799,Q4,0.11732833177034452
3.1959798994974875,Q4,0.11930811711993261
3.2562814070351758,Q4,0.121079504011671
3.316582914572864,Q4,0.12337188704803526
3.3768844221105527,Q4,0.12514327393977254
3.437185929648241,Q4,0.12774825466291517
3.4974874371859297,Q4,0.12879024695217312
3.557788944723618,Q4,0.13139522767531564
3.618090452261306,Q4,0.1337918099406068
3.678391959798995,Q4,0.1361883922058973
3.738693467336683,Q4,0.1380639783265608
3.798994974874372,Q4,0.1410857559654063
3.85929648241206,Q4,0.14400333437532498
3.9195979899497484,Q4,0.14671251432739374
3.979899497487437,Q4,0.14837970199020512
4.040201005025126,Q4,0.15108888194227377
4.100502512562814,Q4,0.15390226112326744
4.160804020100502,Q4,0.15650724184641074
4.221105527638191,Q4,0.15838282796707293
4.281407035175879,Q4,0.16150880483484376
4.341708542713568,Q4,0.1633843909555065
4.402010050251256,Q4,0.16557257476294662
4.4623115577889445,Q4,0.1683859539439415
4.522613065326633,Q4,0.17078253620923245
4.582914572864321,Q4,0.17255392310096918
4.64321608040201,Q4,0.17505470459518624
4.703517587939698,Q4,0.1767218922579965
4.763819095477387,Q4,0.1783890799208091
4.824120603015075,Q4,0.18120245910180222
4.884422110552763,Q4,0.18349484213816847
4.944723618090452,Q4,0.18641242054808804
5.005025125628141,Q4,0.18880900281337976
5.065326633165829,Q4,0.19078878816296763
5.125628140703517,Q4,0.1932895696571849
5.185929648241205,Q4,0.1954777534646246
5.2462311557788945,Q4,0.1976659372720636
5.306532663316583,Q4,0.20047931645305794
5.366834170854271,Q4,0.20370949254975557
5.427135678391959,Q4,0.20693966864645197
5.487437185929648,Q4,0.20912785245389132
5.547738693467337,Q4,0.21110763780347963
5.608040201005025,Q4,0.21454621235802884
5.668341708542713,Q4,0.21694279462332033
5.7286432160804015,Q4,0.21860998228613104
5.788944723618091,Q4,0.22090236532249685
5.849246231155779,Q4,0.2232989475877878
5.909547738693467,Q4,0.22527873293737688
5.969849246231155,Q4,0.227466916744816
6.030150753768844,Q4,0.23059289361258672
6.090452261306533,Q4,0.23351047202250652
6.150753768844221,Q4,0.2352818589142447
6.211055276381909,Q4,0.2375742419506094
6.271356783919598,Q4,0.2387204334687929
6.331658291457286,Q4,0.24090861727623147
6.391959798994975,Q4,0.2434093987704492
6.452261306532663,Q4,0.24570178180681523
6.5125628140703515,Q4,0.24809836407210606
6.57286432160804,Q4,0.25018234865062017
6.633165829145728,Q4,0.2521621340002085
6.693467336683417,Q4,0.2537251224340936
6.7537688442211055,Q4,0.2566427008440142
6.814070351758794,Q4,0.2593518807960815
6.874371859296482,Q4,0.2611232676878197
6.93467336683417,Q4,0.2626862561217047
6.994974874371859,Q4,0.265082838386996
7.055276381909548,Q4,0.2672710221944363
7.115577889447236,Q4,0.26852141294154364
7.175879396984924,Q4,0.2716473898093159
7.236180904522612,Q4,0.27414817130353175
7.296482412060302,Q4,0.27654475356882346
7.35678391959799,Q4,0.27800354277378336
7.417085427135678,Q4,0.2796707304365953
7.477386934673366,Q4,0.2822757111597368
7.537688442211055,Q4,0.28477649265395477
7.597989949748744,Q4,0.2871730749192454
7.658291457286432,Q4,0.28936125872668506
7.71859296482412,Q4,0.2911326456184222
7.7788944723618085,Q4,0.2940502240283419
7.839195979899497,Q4,0.2961342086068567
7.899497487437186,Q4,0.2979055954985932
7.959798994974874,Q4,0.3007189746795875
8.020100502512562,Q4,0.3030113577159531
8.080402010050252,Q4,0.3054079399812436
8.140703517587939,Q4,0.30717932687298066
8.201005025125628,Q4,0.30926331145149577
8.261306532663315,Q4,0.3113472960300093
8.321608040201005,Q4,0.3142648744399297
8.381909547738694,Q4,0.3174950505366261
8.442211055276381,Q4,0.31989163280191746
8.50251256281407,Q4,0.32187141815150555
8.562814070351758,Q4,0.324163801187871
8.623115577889447,Q4,0.32656038345316274
8.683417085427136,Q4,0.3285401688027504
8.743718592964823,Q4,0.3301031572366362
8.804020100502512,Q4,0.33208294258622484
8.8643216080402,Q4,0.3341669271647384
8.924623115577889,Q4,0.33572991559862464
8.984924623115578,Q4,0.33750130249036125
9.045226130653266,Q4,0.3395852870688758
9.105527638190955,Q4,0.34239866624986937
9.165829145728642,Q4,0.3455246431176412
9.226130653266331,Q4,0.3479212253829318
9.28643216080402,Q4,0.35010940919037215
9.346733668341708,Q4,0.35135979993748045
9.407035175879397,Q4,0.35344378451599456
9.467336683417084,Q4,0.3556319683234346
9.527638190954773,Q4,0.3581327498176514
9.587939698492463,Q4,0.36052933208294224
9.64824120603015,Q4,0.3633427112639369
9.708542713567839,Q4,0.3657392935292283
9.768844221105526,Q4,0.3680316765655932
9.829145728643216,Q4,0.36949046577055333
9.889447236180905,Q4,0.3715744503490672
9.949748743718592,Q4,0.37365843492758155
10.010050251256281,Q4,0.40616859435240127
10.070351758793969,Q4,0.40825257893091627
10.130653266331658,Q4,0.4099197665937273
10.190954773869347,Q4,0.41148275502761267
10.251256281407034,Q4,0.4129415442325729
10.311557788944723,Q4,0.4142961342086068
10.37185929648241,Q4,0.41606752110034395
10.4321608040201,Q4,0.4175263103053036
10.492462311557789,Q4,0.4189850995102633
10.552763819095476,Q4,0.4203396894862975
10.613065326633166,Q4,0.42190267792018354
10.673366834170853,Q4,0.42315306866729196
10.733668341708542,Q4,0.42502865478795404
10.793969849246231,Q4,0.42617484630613756
10.854271356783919,Q4,0.42700844013754347
10.914572864321608,Q4,0.42794623319787484
10.974874371859295,Q4,0.4286756278003544
11.035175879396984,Q4,0.4303428154631659
11.095477386934673,Q4,0.43138480775242316
11.15577889447236,Q4,0.43305199541523376
11.21608040201005,Q4,0.43430238616234196
11.276381909547737,Q4,0.4357611753673023
11.336683417085426,Q4,0.43721996457226175
11.396984924623116,Q4,0.4391997499218504
11.457286432160803,Q4,0.4408669375846619
11.517587939698492,Q4,0.4427425237053244
11.577889447236181,Q4,0.44409711368135907
11.638190954773869,Q4,0.44576430134417055
11.698492462311558,Q4,0.44638949671772443
11.758793969849245,Q4,0.4483692820673124
11.819095477386934,Q4,0.44951547358549593
11.879396984924623,Q4,0.45170365739293505
11.93969849246231,Q4,0.4527456496821919
12.0,Q4,0.4550380327185576
